Time,Acc-X,Acc-Y,Acc-Z,Gyro-X,Gyro-Y,Gyro-Z,Ambient Temp
02:16.2,-1.291272762,2.204261662,2.007139058,0.262086514,1.717557252,4.234096692,7.696666667
02:16.3,-2.400586198,4.382187105,3.895366101,-2.152671756,5.328244275,9.750636132,15.39333333
02:16.3,-3.537831986,6.484296163,5.749276253,-5.244274809,11.26208651,17.07124682,23.09
02:16.4,-3.552995264,6.392518433,5.626373901,-7.804071247,15.1653944,20.01272265,23.09
02:16.4,-3.865039547,6.349422803,5.59524928,-6.300254453,14.67175573,21.90076336,23.08333333
02:16.4,-4.155536015,6.406883643,5.646325582,-3.605597964,9.806615776,21.67684478,23.07666667
02:16.5,-4.249707947,6.461152214,5.677450203,-1.65394402,5.218829517,21.04580153,23.08333333
02:16.5,-4.241727275,6.505843978,5.65829659,-1.122137405,3.338422392,19.65394402,23.09666667
02:16.6,-4.207410384,6.510632381,5.477933398,-0.618320611,3.371501272,17.66157761,23.11666667
02:16.6,-4.154737948,6.524997591,5.164292981,0.715012723,3.638676845,16.00254453,23.12333333
02:16.7,-3.999912907,6.602410111,4.982333655,3.129770992,2.743002545,15.13994911,23.13
02:16.7,-4.144363074,6.905675655,4.999891134,4.440203562,2.72519084,12.52926209,23.12333333
02:16.8,-4.109248116,7.010222461,5.180254325,4.577608142,-0.198473282,8.157760814,23.11666667
02:16.8,-3.900154504,7.030174141,5.375780794,2.905852417,1.956743003,5.124681934,23.11
02:16.9,-3.630407784,6.813099858,5.447606844,1.491094148,-5.201017812,2.575063613,23.11
02:16.9,-3.486755684,7.036558679,5.435635836,0.371501272,-3.338422392,4.012722646,23.10333333
02:17.0,-3.402160559,7.093221452,5.26804172,-0.582697201,0.524173028,3.875318066,23.09666667
02:17.0,-3.200249552,7.137913216,5.054159705,0.391857506,0.508905852,4.852417303,23.09666667
02:17.0,-3.098096948,7.073269771,5.284003064,-0.083969466,-3.65394402,2.809160305,23.10333333
02:17.1,-3.141192578,6.904877588,5.373386593,-1.302798982,-10.08396947,2.743002545,23.10333333
02:17.1,-3.240152913,6.860185824,5.386155668,-4.557251908,-7.735368957,2.743002545,23.09666667
02:17.2,-3.302402157,6.845022546,5.025429285,-4.941475827,-7.348600509,2.699745547,23.10333333
02:17.2,-3.219403166,6.656678682,4.951209033,-3.8956743,-12.27226463,4.430025445,23.11666667
02:17.3,-1.166774276,7.082846578,3.584917952,3.72264631,-3.628498728,14.51908397,23.12333333
02:17.3,-0.084595125,7.256825232,3.64876333,3.34351145,-4.37913486,12.02035623,23.11666667
02:17.4,-0.116517814,6.687803304,3.516284172,9.674300254,-9.501272265,14.70483461,23.10333333
02:17.4,-1.333570325,6.011840369,5.062140377,-1.987277354,-5.086513995,7.676844784,23.09666667
02:17.5,-2.536257625,6.216943644,4.891353992,-4.96437659,2.709923664,10.85496183,23.09
02:17.5,-2.179521578,6.504247843,5.285599198,-12.49109415,14.72010178,1.091603053,23.09
02:17.5,-2.885013,7.066087166,5.315925753,-8.839694656,11.7480916,-1.68956743,23.09
02:17.6,-2.831542497,6.353413139,5.476337264,-5.737913486,6.877862595,-1.508905852,23.09
02:17.6,-3.4133335,7.032568343,5.405309281,-4.297709924,4.361323155,3.613231552,23.09
02:17.7,-3.572946944,6.711745321,5.383761466,-2.951653944,0.272264631,3.119592875,23.10333333
02:17.7,-3.729368119,6.810705656,5.393338273,-2.157760814,0.264631043,2.536895674,23.11666667
02:17.8,-3.857856942,6.659870951,5.208186678,-1.394402036,-2.134860051,0.75826972,23.13
02:17.8,-3.857058875,6.646303809,5.185840796,0.430025445,-8.170483461,0.396946565,23.13
02:17.8,-3.830722656,6.606400448,5.221753821,1.297709924,-11.64631043,-0.386768448,23.13
02:17.9,-3.693455094,6.602410111,5.352636845,1.65648855,-11.29262087,-0.015267176,23.11
02:17.9,-3.547408793,6.630342464,5.38854987,1.040712468,-4.910941476,-1.045801527,23.09
02:17.9,-3.770069548,6.694187842,5.355829114,1.244274809,-3.468193384,-1.788804071,23.09
02:18.0,-3.006319218,7.173826241,5.546567179,0.992366412,-1.857506361,-3.872773537,23.11
02:18.0,-3.119644763,7.226498678,5.395732475,0.959287532,1.595419847,-4.521628499,23.12333333
02:18.1,-2.8363309,7.315882206,5.466760457,0.249363868,3.923664122,-2.155216285,23.11666667
02:18.1,-3.5569856,6.885723975,5.326300627,-0.063613232,4.72519084,0.842239186,23.11
02:18.2,-3.77805022,6.858589689,5.52342323,-0.55216285,-0.951653944,1.903307888,23.10333333
02:18.2,-3.736550724,6.747658346,5.52342323,-0.956743003,-2.440203562,1.160305344,23.09666667
02:18.3,-3.805184505,6.765215824,5.464366256,-1.51653944,-1.936386768,0.160305344,23.10333333
02:18.3,-3.652753666,6.761225488,5.370992391,-1.180661578,-3.427480916,1.073791349,23.11666667
02:18.3,-3.715800977,6.823474731,5.416482222,-1.086513995,-1.867684478,0.290076336,23.12333333
02:18.4,-3.74054106,6.860983891,5.395732475,-0.735368957,-2.936386768,0.175572519,23.11666667
02:18.4,-3.646369128,6.89849305,5.439626172,-0.592875318,-3.361323155,-0.590330789,23.11
02:18.5,-3.489947953,6.975107503,5.39413634,-0.697201018,-5.743002545,-0.791348601,23.11
02:18.5,-3.414929635,6.943982882,5.2879934,-0.27480916,-9.307888041,-0.974554707,23.11
02:18.6,-3.586514087,6.957550024,5.242503569,-0.307888041,-13.62849873,-1.503816794,23.11
02:18.6,-3.912125513,6.966328764,5.199407939,0.394402036,-25.16284987,-4.254452926,23.11
02:18.7,-4.074133158,7.034164478,5.246493905,0.478371501,-39.75572519,-9.72264631,23.11
02:18.7,-3.841895597,7.063692965,5.402117013,0.625954198,-51.05343511,-16.20610687,23.11
02:18.7,-3.581725684,6.977501705,5.538586507,1.62086514,-52.60305344,-22.69465649,23.10333333
02:18.8,-3.128423503,6.963136495,6.010244234,0.740458015,-49.90076336,-25.956743,23.09666667
02:18.8,-2.889003337,6.820282463,6.356605408,-2.262086514,-41.23155216,-27.46310433,23.10333333
02:18.9,-2.989559806,6.70615885,6.694187842,-6.539440204,-32.12977099,-27.55216285,23.11666667
02:18.9,-2.99434821,6.369374483,6.54255507,-7.755725191,-25.73791349,-27.45547074,23.13
02:19.0,-2.768495186,6.19220356,6.35022087,-6.127226463,-19.93129771,-23.2519084,23.13
02:19.0,-2.270501241,6.073291545,6.259241207,-4.661577608,-8.178117048,-16.43002545,23.11666667
02:19.1,-2.233790149,6.113194906,6.273606417,-4.692111959,7.203562341,-7.554707379,23.10333333
02:19.1,-2.636016028,6.14352146,6.386133895,-4.132315522,9.269720102,-2.437659033,23.09666667
02:19.2,-2.983973336,6.265625745,6.457161877,-4.259541985,3.890585242,0.005089059,23.10333333
02:19.2,-3.445256189,6.343836332,6.619169523,-4.325699746,-5.246819338,-3.221374046,23.11666667
02:19.3,-3.74054106,6.256847005,6.66306322,-5.282442748,-13.62086514,-9.717557252,23.12333333
02:19.3,-3.635994255,5.999071293,6.675034229,-3.679389313,-21.90839695,-15.01526718,23.13
02:19.4,-3.336719047,5.745285917,6.64311154,-1.198473282,-25.07124682,-18.27226463,23.13
02:19.4,-3.039838041,5.634354574,6.638323136,0.066157761,-19.97455471,-17.94656489,23.11666667
02:19.5,-2.949656445,5.60961449,6.589641036,-0.055979644,-14.39185751,-16.45292621,23.10333333
02:19.5,-2.983973336,5.612008691,6.596823641,-0.297709924,-11.54452926,-14.21119593,23.10333333
02:19.5,-2.943271908,5.695007682,6.565699019,-0.022900763,-2.099236641,-13.42239186,23.11666667
02:19.6,-3.126827368,5.724536169,6.598419775,0.89821883,1.547073791,-10.24936387,23.13
02:19.6,-3.030261235,5.786785413,6.561708683,2.170483461,2.050890585,-8.078880407,23.12333333
02:19.7,-3.035049638,5.729324573,6.567295154,4.005089059,-4.323155216,-3.62086514,23.11666667
02:19.7,-2.925714429,5.736507178,6.642313472,4.430025445,-3.24173028,-0.900763359,23.11
02:19.8,-2.981579134,5.727728438,6.687803304,4.040712468,-0.27480916,1.905852417,23.11
02:19.8,-3.102087284,5.794766085,6.807513387,3.511450382,-0.012722646,2.8956743,23.11
02:19.9,-3.153163586,5.851428857,6.870560697,2.732824427,-0.610687023,2.493638677,23.11
02:19.9,-3.35028619,5.882553479,6.906473722,1.300254453,-0.961832061,1.737913486,23.11
02:20.0,-3.345497786,5.854621126,6.853801286,-0.193384224,-1.363867684,1.256997455,23.11
02:20.0,-3.379814677,5.825092639,6.780379102,-1.440203562,-1.956743003,0.361323155,23.11
02:20.1,-3.305594425,5.754862724,6.713341455,-2.145038168,-1.58524173,0.157760814,23.11
02:20.1,-3.284046611,5.734911043,6.639121204,-2.409669211,-0.638676845,-0.188295165,23.11
02:20.1,-3.252123922,5.784391211,6.580862297,-1.928753181,-1.106870229,0.132315522,23.11
02:20.2,-3.171519132,5.844246252,6.564102885,-1.094147583,-1.007633588,0.493638677,23.11
02:20.2,-3.144384847,5.90809163,6.567295154,-0.180661578,-1.674300254,0.875318066,23.11
02:20.3,-3.119644763,5.825092639,6.564900952,0.305343511,-1.498727735,0.954198473,23.11666667
02:20.3,-3.159548124,5.818708101,6.590439103,0.595419847,-1.839694656,1.396946565,23.12333333
02:20.4,-3.197855351,5.815515833,6.630342464,0.623409669,-1.315521628,2.399491094,23.13
02:20.4,-3.218605098,5.734112976,6.523401457,0.396946565,3.183206107,1.486005089,23.13
02:20.5,-3.280056274,5.894524487,6.490680701,1.010178117,6.796437659,3.010178117,23.12333333
02:20.5,-3.221797367,6.017426839,6.49387297,0.880407125,9.017811705,2.905852417,23.11666667
02:20.6,-3.133211906,6.222530115,6.524997591,-0.10178117,5.478371501,3.536895674,23.11666667
02:20.6,-3.481967281,5.255272644,6.967924898,-0.045801527,-6.704834606,1.8956743,23.12333333
02:20.7,-3.737348792,4.900930798,6.703764648,-0.325699746,-19.95419847,3.251908397,23.13666667
02:20.7,-3.679887952,4.986323991,6.704562716,1.147582697,-32.3740458,-0.478371501,23.14333333
02:20.8,-3.148375183,5.782795076,6.232106921,0.061068702,-27.11195929,11.88040712,23.15
02:20.8,-2.797225606,5.897716756,6.567295154,0.066157761,-26.45292621,13.4351145,23.14333333
02:20.8,-2.224213342,5.631162305,6.368576416,0.506361323,-14.70483461,27.94910941,23.13666667
02:20.9,-2.087743848,5.686228943,6.627150195,-1.017811705,-1.648854962,15.24173028,23.13
02:20.9,-2.051032756,5.970340873,6.607996582,-3.229007634,15.43002545,12.16030534,23.13
02:21.0,-2.663150313,6.121175578,6.874551034,-4.427480916,12.82442748,4.65394402,23.12333333
02:21.0,-2.766100985,6.141127258,6.930415739,-2.844783715,1.096692112,4.735368957,23.11666667
02:21.1,-2.89937821,6.125165914,7.066087166,-0.58778626,-5.071246819,2.025445293,23.11666667
02:21.1,-2.809196615,6.189809359,7.109182796,-1.427480916,-2.498727735,-2.160305344,23.12333333
02:21.1,-2.547430566,6.157088603,6.813897925,-2.440203562,2.279898219,-3.776081425,23.13
02:21.2,-2.493161995,5.939216252,6.480305827,-1.804071247,-2.712468193,-2.34351145,23.12333333
02:21.2,-2.376644181,5.809131295,6.452373474,0.055979644,-4.824427481,-4.564885496,23.11666667
02:21.3,-2.467623844,5.900110958,6.619169523,2.076335878,-5.307888041,-8.763358779,23.11666667
02:21.3,-2.455652836,6.159482804,6.900089185,3.03307888,1.638676845,-9.613231552,23.12333333
02:21.4,-2.604093339,6.276798686,7.145095821,2.015267176,-0.213740458,-3.926208651,23.13
02:21.4,-2.637612162,6.371768685,6.974309436,0.694656489,-1.852417303,4.694656489,23.13
02:21.4,-2.604891406,6.173848014,6.852205151,0.010178117,-11.11704835,10.88295165,23.13666667
02:21.5,-2.398990063,6.104416166,6.579266162,1.330788804,-11.13231552,9.801526718,23.14333333
02:21.5,-2.439691492,5.929639445,6.578468095,2.776081425,-15.89312977,8.460559796,23.15
02:21.6,-2.436499223,6.109204569,6.524199524,3.936386768,-10.49363868,4.229007634,23.14333333
02:21.6,-2.564988045,6.090050956,6.639919271,4.478371501,-9.536895674,3.96692112,23.13666667
02:21.7,-2.589728129,6.237693392,6.83544574,3.636132316,-8.435114504,1.625954198,23.12333333
02:21.7,-8.207323291,6.850609017,8.517571923,-12.78880407,-35.40966921,-82.60814249,23.11666667
02:21.8,-6.751648682,6.722120194,9.07542091,-26.51399491,-52.97455471,-68.25954198,23.11
02:21.8,-5.794766085,6.37017255,9.286908723,-30.59796438,-44.13740458,-72.11704835,23.11
02:21.8,0.474849996,5.61520096,7.57605212,-18.4351145,-21.09923664,25.63104326,23.12333333
02:21.9,-0.940921252,5.78758348,7.107586662,-7.13740458,-13.19338422,23.32061069,23.13666667
02:21.9,-1.530692928,5.899312891,6.795542379,-1.06870229,-27.94656489,33.1653944,23.14333333
02:22.0,-1.850717883,5.781198942,6.918444731,4.132315522,-27.49363868,22.63613232,23.13666667
02:22.0,-1.825179732,5.782795076,6.935204142,7.926208651,-20.69211196,10.18320611,23.13666667
02:22.1,-1.994369983,5.960764067,7.115567334,6.994910941,-12.91094148,5.58778626,23.14333333
02:22.1,-1.943293681,6.200184233,7.208941199,4.880407125,-6.043256997,4.44783715,23.13666667
02:22.2,-1.869073429,6.225722384,7.266402039,2.119592875,0.272264631,7.623409669,23.12333333
02:22.2,-1.631249398,6.347028601,7.302315063,-0.356234097,15.91348601,6.608142494,23.12333333
02:22.3,-1.406992509,6.17783835,7.444371029,-7.918575064,43.2264631,0.704834606,23.13666667
02:22.3,-1.853112085,6.252058602,7.198566325,-11.67684478,51.87022901,-0.569974555,23.14333333
02:22.4,-2.455652836,6.046157259,7.032568343,-13.34351145,39.46310433,1.211195929,23.13666667
02:22.4,-3.09171241,5.875370874,6.754840951,-9.536895674,12.49872774,6.106870229,23.13
02:22.4,-3.017492159,5.538586507,6.766013892,-8.603053435,5.979643766,4.580152672,23.13
02:22.5,-3.185884342,5.290387602,6.750052547,-7.951653944,4.185750636,3.595419847,23.13
02:22.5,-3.420516105,5.246493905,6.913656327,-7.417302799,1.628498728,0.562340967,23.12333333
02:22.6,-3.654349801,5.416482222,7.243258089,-9.608142494,-1.72264631,-5.315521628,23.11666667
02:22.6,-3.660734338,5.548163314,7.327055147,-13.87277354,-3.076335878,-15.32824427,23.12333333
02:22.7,-3.412535433,5.462770121,7.165047502,-18.35877863,-4.68956743,-23.86005089,23.13666667
02:22.7,-3.006319218,5.065332646,6.87854137,-19.41475827,-2.376590331,-29.31552163,23.15
02:22.8,-2.856282581,4.630386011,6.760427421,-15.86768448,1.284987277,-28.5394402,23.15
02:22.8,-3.248931653,4.29759198,6.773994564,-6.977099237,1.038167939,-27.40966921,23.15
02:22.8,-3.663926607,4.249707947,6.833051538,5.165394402,-4.437659033,-27.956743,23.15
02:22.9,-3.932077193,4.417302063,7.015010864,16.6692112,-12.4351145,-32.07124682,23.15
02:22.9,-3.952826941,4.864219706,7.257623299,23.95165394,-18.78625954,-37.56743003,23.14333333
02:23.0,-3.850674337,5.190629199,7.436390356,25.78371501,-25.6259542,-42.24936387,23.13666667
02:23.0,-3.6056677,5.37418466,7.463524642,23.7735369,-30.79898219,-44.42239186,23.13666667
02:23.1,-3.372632072,5.410097685,7.405265735,19.02035623,-31.45292621,-44.29262087,23.14333333
02:23.1,-3.302402157,5.426857096,7.209739266,13.55725191,-28.12468193,-43.37659033,23.15
02:23.1,-3.326344173,5.471548861,7.007030192,8.524173028,-23.1653944,-41.49618321,23.15
02:23.2,-3.251325854,5.520230961,6.796340446,5.109414758,-17.28498728,-38.3307888,23.14333333
02:23.2,-3.165134595,5.501875415,6.777186833,4.648854962,-11.9821883,-32.00254453,23.13666667
02:23.3,-3.252123922,5.335877433,6.857791622,6.643765903,-7.498727735,-25.70229008,23.13
02:23.3,-3.455631063,5.070121049,6.991866915,9.910941476,-6.254452926,-21.46310433,23.13666667
02:23.4,-3.811569043,4.808355001,7.073269771,12.27226463,-7.760814249,-21.53689567,23.14333333
02:23.4,-4.046200806,4.66789517,7.110778931,13.27480916,-11.00508906,-24.13486005,23.14333333
02:23.5,-4.149949544,4.548983154,7.093221452,13.13231552,-13.65648855,-27.30025445,23.13666667
02:23.5,-4.064556352,4.374206433,7.098807922,13.38931298,-14.62340967,-28.52926209,23.13666667
02:23.5,-3.996720638,4.22576593,7.051721956,14.97201018,-13.28753181,-28.32315522,23.14333333
02:23.6,-4.106055847,4.061364083,7.036558679,18.95419847,-11.95928753,-27.83206107,23.14333333
02:23.6,-4.371014164,4.058171814,7.025385738,23.60559796,-13.10687023,-29.81679389,23.13666667
02:23.7,-4.635972481,4.196237443,7.140307418,26.53180662,-17.4351145,-33.09414758,23.13
02:23.7,-4.689442985,4.44124408,7.188191451,25.5826972,-22.32315522,-36.93129771,23.13666667
02:23.8,-4.5186566,4.537012146,7.176220443,21.7735369,-21.13740458,-37.76590331,23.14333333
02:23.8,-4.493916516,4.378196769,6.959944226,18.03816794,-13.53180662,-37.03307888,23.15
02:23.9,-4.629587944,4.078123494,6.722918262,18.7480916,-5.684478372,-35.98473282,23.15
02:23.9,-5.008669873,3.971980554,6.595227507,23.61577608,-3.450381679,-38.21119593,23.14333333
02:23.9,-5.268839787,4.062960217,6.492276835,29.7480916,-6.944020356,-42.78880407,23.13666667
02:24.0,-5.35981945,4.319937862,6.37017255,33.2519084,-11.90330789,-46.70483461,23.12333333
02:24.0,-5.307147013,4.588886515,6.152300199,33.49618321,-13.02798982,-47.68956743,23.11666667
02:24.1,-5.289589535,4.762865169,5.987898352,33.0610687,-12.76081425,-45.45292621,23.12333333
02:24.1,-5.339069702,4.876988782,6.02301331,32.53435115,-11.84732824,-42.06870229,23.13666667
02:24.2,-5.355031047,4.862623572,6.171453813,32.70229008,-11.68193384,-37.18829517,23.15
02:24.2,-5.242503569,4.786807186,6.303932971,31.19083969,-6.419847328,-33.18066158,23.15
02:24.3,-5.189831132,4.598463322,6.245674064,28.87022901,-1.358778626,-31.08396947,23.15
02:24.3,-5.05256357,4.288015173,6.10042583,25.83969466,2.162849873,-30.01272265,23.15666667
02:24.3,-5.092466931,4.036623999,5.971937008,24.4173028,2.066157761,-27.64631043,23.16333333
02:24.4,-5.362213652,4.031037528,5.974331209,23.68193384,-0.819338422,-22.72519084,23.17
02:24.4,-5.735709111,4.342283744,5.974331209,23.90839695,-2.190839695,-17.7735369,23.17
02:24.5,-6.106810368,4.760470968,5.97113894,22.54452926,-4.636132316,-15.10687023,23.16333333
02:24.5,-6.083666418,4.915296008,5.804342891,20.60814249,-4.613231552,-14.956743,23.15666667
02:24.5,-6.08047415,4.82591248,5.560932389,17.90839695,-6.717557252,-16.58778626,23.15
02:24.6,-5.851428857,4.609636263,5.482721802,15.75063613,-9.96692112,-18.07633588,23.15
02:24.6,-5.662286926,4.584896179,5.506663818,14.0178117,-11.40966921,-18.04834606,23.15
02:24.6,-5.58647054,4.752490295,5.643133313,13.06361323,-11.96692112,-15.49109415,23.15
02:24.7,-5.627171969,5.034208024,5.608816423,13.37150127,-11.45038168,-11.77608142,23.15666667
02:24.7,-5.839457849,5.330290963,5.682238607,14.33842239,-10.27989822,-8.989821883,23.16333333
02:24.7,-5.975927344,5.661488859,5.671065666,15.72773537,-9.394402036,-8.229007634,23.17
02:24.8,-6.081272217,5.853024992,5.625575834,16.96183206,-10.41475827,-9.267175573,23.16333333
02:24.8,-5.978321545,5.849034656,5.443616508,18.84478372,-14.70483461,-10.93384224,23.15666667
02:24.8,-5.777208606,5.641537179,5.416482222,20.8524173,-19.14503817,-12.72773537,23.15
02:24.9,-5.463568188,5.367800122,5.53778844,22.43256997,-20.51908397,-13.91094148,23.15
02:24.9,-5.147533569,5.047775167,5.738103312,22.48091603,-19.42239186,-14.30788804,23.15
02:24.9,-4.78281685,4.617616935,5.851428857,20.70229008,-17.36641221,-13.72010178,23.15
02:25.0,-4.534617944,4.244919543,5.97991768,17.25699746,-14.93129771,-12.54452926,23.15666667
02:25.0,-4.440446012,4.051787276,6.0086481,13.18575064,-11.4351145,-10.70992366,23.16333333
02:25.0,-4.458801558,4.206612317,6.106810368,9.353689567,-7.094147583,-8.297709924,23.17
02:25.1,-4.64794349,4.325524333,6.173848014,7.24173028,-2.918575064,-5.160305344,23.16333333
02:25.1,-4.947218697,4.601655591,6.42204692,5.806615776,-0.969465649,-3.371501272,23.15666667
02:25.1,-5.383761466,4.732538615,6.584054565,4.193384224,-2.501272265,-4.956743003,23.15
02:25.2,-5.619989364,5.136360628,6.65747675,0.776081425,-6.139949109,-9.900763359,23.15
02:25.2,-5.547365247,5.440424239,6.362191878,-2.687022901,-4.93129771,-12.89312977,23.15
02:25.2,-5.769227934,6.297548433,6.374162887,-4.076335878,-2.264631043,-6.854961832,23.15666667
02:25.3,-6.210559106,6.857791622,6.276798686,-4.972010178,2.819338422,1.040712468,23.16333333
02:25.3,-6.519411121,7.078856242,6.138733057,-7.022900763,1.318066158,4.763358779,23.17
02:25.3,-6.027801713,6.276798686,5.472346928,-13.27735369,1.72519084,-1.078880407,23.16333333
02:25.4,-5.094861133,5.246493905,4.936843823,-20.81170483,2.501272265,-3.422391858,23.15666667
02:25.4,-4.758874833,4.52424307,4.784412984,-29.86768448,8.384223919,1.631043257,23.15
02:25.4,-4.940036092,4.48992618,4.897738529,-39.49109415,16.94910941,11.49872774,23.15
02:25.5,-5.277618526,4.845066093,4.950410966,-49.2519084,23.96183206,20.42239186,23.15
02:25.5,-5.349444576,5.058948108,5.01824668,-56.98982188,29.08396947,27.46564885,23.15
02:25.5,-5.352636845,4.964776176,5.031813822,-62.1653944,33.52926209,33.39185751,23.15666667
02:25.6,-5.544971045,4.711788867,5.035006091,-64.55470738,36.42748092,38.09669211,23.16333333
02:25.6,-5.599239616,4.460397693,4.996698865,-65.44020356,37.04580153,41.09669211,23.17
02:25.6,-5.625575834,4.278438367,4.930459285,-66.10941476,36.36895674,44.24936387,23.16333333
02:25.7,-5.55774012,4.181872233,5.072515251,-67.70992366,36.90839695,49.05089059,23.15666667
02:25.7,-5.646325582,4.218583325,5.131572225,-71.23918575,41.48091603,54.93129771,23.15
02:25.7,-5.789977681,4.243323409,5.266445585,-74.46564885,45.45547074,61.23155216,23.15666667
02:25.8,-6.120377511,4.618415002,5.330290963,-77.4605598,45.99236641,66.72264631,23.16333333
02:25.8,-6.212155241,5.048573234,5.300762476,-80.98473282,44.30025445,70.90330789,23.17
02:25.8,-6.257645072,5.853024992,5.260859115,-83.17302799,42.06361323,78.90839695,23.17
02:25.9,-6.29276003,6.694187842,5.276022392,-86.32061069,48.53435115,89.28244275,23.17
02:25.9,-6.3933165,7.164249434,5.211378947,-90.54452926,61.84732824,97.50381679,23.17
02:25.9,-6.453171541,6.944780949,4.892950126,-97.4351145,71.3740458,99.36641221,23.17
02:26.0,-6.294356165,6.298346501,4.464388029,-102.3180662,70.5216285,96.63358779,23.17
02:26.0,-6.21534751,6.047753394,4.420494332,-104.173028,63.64122137,97.30534351,23.17
02:26.0,-6.200184233,6.018224906,4.58170391,-105.2951654,61.97201018,98.52926209,23.17
02:26.1,-6.070099276,5.734911043,4.635174414,-107.0534351,63.41475827,99.3307888,23.17
02:26.1,-5.871380538,4.996698865,4.568136768,-107.5852417,63.68193384,97.19847328,23.17
02:26.2,-5.596047347,4.185064502,4.691039119,-105.2315522,61.71501272,93.48091603,23.17
02:26.2,-5.448404911,3.626417448,4.986323991,-99.9821883,59.76844784,88.45292621,23.17
02:26.2,-5.363809786,3.378218542,5.263253316,-92.87022901,55.6870229,82.65903308,23.16333333
02:26.3,-5.193821468,3.306392493,5.446808777,-84.54961832,52.6259542,76.96437659,23.15666667
02:26.3,-5.05256357,3.378218542,5.669469531,-76.47328244,52.38422392,73.71246819,23.15
02:26.3,-5.291185669,3.685474422,5.820304236,-70.01272265,55.32824427,70.75826972,23.15
02:26.4,-5.579287935,4.172295426,5.944802722,-66.6870229,58.18829517,67.61577608,23.15
02:26.4,-5.77880474,4.824316345,5.876967008,-66.60305344,63.12977099,63.71246819,23.15666667
02:26.4,-5.76443953,5.405309281,5.766035665,-66.77099237,69.43256997,64.04071247,23.16333333
02:26.5,-6.18661709,6.12915625,5.756458858,-66.63613232,73.00254453,69.69974555,23.17
02:26.5,-6.558516414,6.154694401,5.50905802,-67.29007634,69.82188295,74.14503817,23.16333333
02:26.5,-6.593631372,5.916870369,5.137956763,-69.54198473,60.83715013,75.02798982,23.15666667
02:26.6,-6.564900952,5.547365247,4.606443994,-71.55216285,49.27735369,70.81933842,23.15
02:26.6,-6.635130868,5.778006673,4.466782231,-71.29262087,37.76590331,68.27480916,23.15
02:26.6,-6.836243807,6.315105912,4.501897188,-71.39440204,33.29262087,66.5216285,23.15
02:26.7,-6.497863306,6.592833305,4.458003491,-74.80916031,39.10941476,68.89821883,23.15
02:26.7,-6.184222888,6.509834314,4.285620972,-79.84987277,49.00254453,74.3129771,23.15666667
02:26.7,-5.957571798,6.142723393,4.130795931,-84.65648855,57.3562341,81.86005089,23.16333333
02:26.8,-5.819506169,5.669469531,3.966394084,-87.53435115,64.22900763,87.19592875,23.17
02:26.8,-5.755660791,5.346252307,3.790819295,-90.45801527,70.79898219,92.08905852,23.17
02:26.9,-5.785189278,5.190629199,3.624821313,-92.98727735,75.70483461,97,23.17
02:26.9,-5.912081966,5.288791467,3.547408793,-96.64885496,79.88804071,104.9745547,23.17
02:26.9,-6.133944653,5.588066675,3.575341146,-102.8651399,87.83715013,112.7557252,23.17
02:27.0,-6.400499105,5.813919698,3.485957617,-112,97.39949109,118.0025445,23.17
02:27.0,-6.656678682,5.885745748,3.371035938,-120.3486005,100.9440204,120.3994911,23.17
02:27.0,-6.779581034,5.862601799,3.279258207,-125.4885496,99.09669211,121.0025445,23.17
02:27.1,-6.722918262,5.929639445,3.417323836,-126.8040712,93.35368957,121.9592875,23.17
02:27.1,-6.709351119,6.077281881,3.631205851,-124.7073791,87.86768448,122.0050891,23.17666667
02:27.1,-6.625554061,6.365384147,4.046200806,-119.6692112,82.77099237,122.7582697,23.18333333
02:27.2,-6.404489441,6.524997591,4.381389038,-113.0483461,85.07379135,122.6208651,23.19
02:27.2,-6.228116585,6.825868933,4.833095085,-105.1552163,95.82697201,124.043257,23.18333333
02:27.2,-6.35022087,6.785167505,5.120399284,-97.77862595,112.4122137,118.437659,23.17666667
02:27.3,-6.599217843,6.267221879,5.126783822,-88.956743,117.3002545,106.2137405,23.17
02:27.3,-6.695783976,5.296772139,4.935247689,-78.25699746,102.7684478,87.2519084,23.17
02:27.3,-6.444392802,4.440446012,4.896142395,-65.80916031,76.18066158,69.30788804,23.17
02:27.4,-5.983908016,4.095680973,5.119601217,-55.26717557,53.70229008,57.66412214,23.17
02:27.4,-5.596845414,4.10525778,5.39413634,-49.11704835,46.25445293,51.6437659,23.17666667
02:27.4,-5.319118022,4.103661646,5.481125667,-45.70483461,48.57760814,48.60559796,23.18333333
02:27.5,-5.279214661,3.952826941,5.540980709,-42.17811705,53.58015267,45.21374046,23.19
02:27.5,-5.374982727,3.737348792,5.475539197,-36.59541985,55.57760814,38.70737913,23.18333333
02:27.5,-5.612008691,3.788425094,5.424462895,-28.4173028,52.27480916,32.95419847,23.17666667
02:27.6,-6.004657764,4.28322677,5.485116003,-19.0178117,47.00254453,27.63358779,23.17
02:27.6,-6.345432467,4.968766512,5.719747766,-11.8778626,41.11195929,22.40203562,23.17
02:27.6,-6.498661373,5.481125667,5.783593144,-8.75826972,34.31806616,16.76335878,23.17
02:27.7,-6.480305827,5.644729447,5.64393138,-10.34351145,28.61832061,12.67938931,23.18333333
02:27.7,-6.432421794,5.576095667,5.414886088,-14.55725191,24.54452926,12.05089059,23.19666667
02:27.8,-6.30712524,5.291185669,5.139552897,-19.95928753,23.60050891,11.99745547,23.21
02:27.8,-6.25844314,4.906517269,4.924872815,-23.99236641,17.46310433,11.31552163,23.19666667
02:27.8,-6.189809359,4.640760885,4.908911471,-26.58778626,6.944020356,10.93384224,23.18333333
02:27.9,-6.199386165,4.674279708,5.046179032,-29.44274809,-2.37913486,12.03562341,23.17
02:27.9,-6.116387174,5.054159705,5.340665837,-33.59033079,-1.330788804,14.92111959,23.18333333
02:27.9,-6.070099276,5.375780794,5.490702474,-38.28244275,9.740458015,15.96437659,23.19666667
02:28.0,-5.937620117,5.326300627,5.505067684,-39.69211196,20.88295165,14.52417303,23.20333333
02:28.0,-5.892928353,4.98073752,5.410895752,-35.92620865,22.78880407,10.49363868,23.19666667
02:28.0,-5.722940035,4.596867188,5.332685164,-28.56997455,15.90076336,6.62086514,23.19
02:28.1,-5.588864742,4.431667273,5.391742139,-21.52671756,5.727735369,4.376590331,23.19666667
02:28.1,-5.359021383,4.374206433,5.391742139,-17.79898219,0.066157761,3.674300254,23.20333333
02:28.1,-5.362213652,4.395754248,5.397328609,-16.50890585,-1.246819338,5.618320611,23.21
02:28.2,-5.570509196,4.583300045,5.38854987,-15.66666667,0.122137405,9.246819338,23.19666667
02:28.2,-5.951985327,4.835489286,5.469154659,-13.97964377,2.292620865,11.67175573,23.18333333
02:28.2,-6.241683728,5.117207015,5.481923735,-10.56234097,2.089058524,9.811704835,23.17
02:28.3,-6.283981291,5.189831132,5.472346928,-6.160305344,-1.773536896,3.918575064,23.17666667
02:28.3,-6.013436503,5.102841805,5.455587516,-2.180661578,-7.623409669,-2.628498728,23.18333333
02:28.3,-5.540182642,4.888161723,5.463568188,-0.03562341,-11.25954198,-6.167938931,23.19
02:28.4,-5.208186678,4.78840332,5.489904407,0.089058524,-9.905852417,-5.778625954,23.19
02:28.4,-5.096457267,4.778028446,5.461173987,-0.954198473,-4.625954198,-3.68956743,23.19
02:28.4,-5.257666846,4.883373319,5.442818441,-1.356234097,-0.735368957,-1.618320611,23.19
02:28.5,-5.467558525,4.914497941,5.419674491,-0.302798982,-0.251908397,-1.050890585,23.18333333
02:28.5,-5.642335246,5.035804159,5.443616508,2.022900763,-2.531806616,-1.888040712,23.17666667
02:28.5,-5.605624154,5.056553906,5.472346928,4.554707379,-4.496183206,-3.493638677,23.17
02:28.6,-5.496288944,5.112418612,5.512250289,6.641221374,-5.473282443,-4.961832061,23.17666667
02:28.6,-5.421270626,5.100447603,5.521029028,8.295165394,-6.814249364,-4.910941476,23.18333333
02:28.6,-5.342261971,5.131572225,5.54337491,9.521628499,-8.048346056,-3.984732824,23.19
02:28.7,-5.366203988,5.229734493,5.55215365,10.20356234,-9.180661578,-2.389312977,23.19
02:28.7,-5.376578861,5.363809786,5.628768103,10.0178117,-9.916030534,-0.972010178,23.19
02:28.7,-5.478731466,5.418876424,5.639142977,9.788804071,-9.786259542,0.038167939,23.18333333
02:28.8,-5.453991382,5.399722811,5.641537179,8.307888041,-8.432569975,0.631043257,23.17666667
02:28.8,-5.46596239,5.249686174,5.534596171,7.048346056,-7.027989822,0.651399491,23.17
02:28.9,-5.423664827,5.212177014,5.461972054,5.066157761,-6.631043257,0.430025445,23.17666667
02:28.9,-5.414886088,5.197013737,5.444414575,3.572519084,-6.269720102,0.307888041,23.18333333
02:29.0,-5.442818441,5.324704492,5.430049365,1.692111959,-5.450381679,0.819338422,23.19
02:29.0,-5.419674491,5.406107349,5.403713147,-1.03307888,-2.437659033,1.473282443,23.19
02:29.1,-5.401318945,5.441222306,5.390944071,-3.478371501,0.440203562,2.071246819,23.19666667
02:29.1,-5.386953735,5.449202979,5.368598189,-5.129770992,2.381679389,2.24173028,23.20333333
02:29.1,-5.390146004,5.435635836,5.426857096,-5.185750636,2.384223919,2.615776081,23.21
02:29.2,-5.338271635,5.450001046,5.406107349,-4.511450382,1.824427481,3.081424936,23.21
02:29.2,-5.191427266,5.392540206,5.378174996,-3.117048346,1.684478372,4.48346056,23.19666667
02:29.3,-5.062140377,5.351838778,5.300762476,-0.834605598,1.508905852,7.055979644,23.18333333
02:29.3,-4.97515105,5.309541215,5.208984745,2.531806616,1.111959288,11.35114504,23.17
02:29.4,-4.817931807,5.39413634,5.147533569,6.13740458,0.839694656,16.53689567,23.17
02:29.4,-4.625597607,5.482721802,5.008669873,10.38167939,0.249363868,22.69720102,23.17
02:29.4,-4.525839205,5.706180623,4.971160714,14.10687023,0.921119593,28.81679389,23.17666667
02:29.5,-4.496310718,5.972735075,4.875392647,18.42239186,1.715012723,34.52417303,23.18333333
02:29.5,-4.50429139,6.307923307,4.863421639,21.43765903,3.572519084,38.75318066,23.19
02:29.6,-4.509079793,6.696582043,4.8546429,22.9389313,5.760814249,40.49363868,23.19
02:29.6,-4.575319373,6.95595389,4.834691219,21.49618321,8.735368957,39.63358779,23.19
02:29.7,-4.7109908,7.238469686,4.803566597,18.20610687,10.31806616,36.10178117,23.19
02:29.7,-4.703808195,7.349401029,4.726952144,14.30279898,12.12722646,31.59541985,23.19
02:29.8,-4.59048265,7.394890861,4.663904834,10.43256997,15.52926209,26.96692112,23.19
02:29.8,-4.43246534,7.331843551,4.56175223,7.554707379,19.11450382,23.31552163,23.19
02:29.8,-4.244919543,7.257623299,4.352658618,5.949109415,20.84732824,21.40712468,23.18333333
02:29.9,-4.09089257,7.339026156,4.126007528,6.03562341,19.51145038,21.49363868,23.17666667
02:29.9,-3.703829968,7.42681355,3.830722656,7.699745547,20.00763359,24.92111959,23.17666667
02:30.0,-3.580129549,7.76838632,3.659138204,7.910941476,25.36386768,28.51908397,23.18333333
02:30.0,-3.639984591,8.066065393,3.533043583,7.091603053,25.33587786,29.11450382,23.19
02:30.1,-3.714204842,8.383696147,3.428496777,5.885496183,19.72264631,26.32824427,23.19
02:30.1,-3.477976945,8.455522196,3.303200224,5.424936387,13.7480916,23.1475827,23.19
02:30.2,-3.276864006,8.447541524,3.177105603,4.933842239,12.34351145,21.43765903,23.19666667
02:30.2,-3.254518123,8.378109676,3.109269889,3.888040712,11.24427481,19.9389313,23.20333333
02:30.2,-3.300806022,8.366936735,3.025472831,3.480916031,7.575063613,18.12468193,23.21
02:30.3,-3.185884342,8.421205306,2.998338546,3.974554707,5.684478372,16.67175573,23.21
02:30.3,-3.045424512,8.53213665,2.937685437,4.435114504,7.75826972,15.65648855,23.21
02:30.4,-3.066174259,8.555280599,2.907358883,4.750636132,7.053435115,14.34605598,23.21
02:30.4,-3.002328882,8.576030347,2.839523169,4.404580153,5.254452926,12.50636132,23.21666667
02:30.5,-3.015896025,8.619924044,2.839523169,3.330788804,3.946564885,9.765903308,23.22333333
02:30.5,-2.964021655,8.706913371,2.834734766,2.048346056,3.921119593,7.055979644,23.21666667
02:30.6,-2.943271908,8.763576143,2.838725102,1.015267176,4.259541985,5,23.20333333
02:30.6,-2.900974345,8.765970345,2.838725102,0.79389313,3.96437659,4.081424936,23.19
02:30.6,-2.849099976,8.722874715,2.801215942,1.368956743,2.613231552,3.498727735,23.19
02:30.7,-2.818773421,8.688557825,2.815581152,2.002544529,0.442748092,3.043256997,23.19
02:30.7,-2.754129976,8.639077657,2.794033337,2.145038168,-1.625954198,2.796437659,23.19666667
02:30.8,-2.697467204,8.660625472,2.876234261,1.430025445,-2.333333333,2.870229008,23.20333333
02:30.8,-2.698265271,8.660625472,2.890599471,0.452926209,-2.086513995,2.605597964,23.21
02:30.9,-2.739764766,8.69574043,2.926512496,-0.648854962,-2.017811705,1.445292621,23.21
02:30.9,-2.804408211,8.748412866,2.881022664,-1.452926209,-3.526717557,-0.106870229,23.21
02:31.0,-2.741360901,8.80188337,2.861070984,-2.65394402,-3.852417303,-1.867684478,23.21
02:31.0,-2.697467204,8.80188337,2.79323527,-3.8956743,-3.1043257,-3.170483461,23.20333333
02:31.0,-2.641602498,8.702923035,2.693476868,-5.119592875,-1.402035623,-4.165394402,23.19666667
02:31.1,-2.618458549,8.632693119,2.596112667,-4.323155216,-1.857506361,-3.666666667,23.19
02:31.1,-2.588930062,8.632693119,2.584141659,-2.450381679,-2.806615776,-2.315521628,23.19
02:31.2,-2.547430566,8.649452531,2.619256616,-0.58524173,-2.839694656,-0.506361323,23.19
02:31.2,-2.582545524,8.714095976,2.647188969,0.038167939,-1.651399491,0.534351145,23.19
02:31.3,-2.611275944,8.69574043,2.679909725,0.045801527,-0.58778626,0.755725191,23.19
02:31.3,-2.613670146,8.73883606,2.734976363,-0.246819338,-0.162849873,0.648854962,23.19666667
02:31.4,-2.640006364,8.740432194,2.753331909,-0.778625954,0.284987277,0.465648855,23.20333333
02:31.4,-2.589728129,8.801085303,2.7876488,-1.463104326,0.712468193,0.564885496,23.20333333
02:31.4,-2.616064347,8.782729757,2.806802413,-1.684478372,0.819338422,1.083969466,23.19666667
02:31.5,-2.58094939,8.754797404,2.7876488,-1.661577608,0.969465649,2.119592875,23.19666667
02:31.5,-2.693476868,8.743624463,2.774081657,-1.279898219,0.867684478,3.488549618,23.20333333
02:31.6,-2.782860396,8.765970345,2.745351237,-1.089058524,0.819338422,4.147582697,23.21
02:31.6,-2.856282581,8.789114294,2.817177287,-1.361323155,0.470737913,3.755725191,23.21
02:31.7,-2.829946362,8.766768412,2.831542497,-2.066157761,-0.127226463,2.633587786,23.21
02:31.7,-2.77328359,8.727663118,2.833936698,-2.631043257,-0.226463104,1.643765903,23.21
02:31.8,-2.796427539,8.746816732,2.814783085,-2.676844784,-0.389312977,1.264631043,23.21
02:31.8,-2.7876488,8.72447085,2.77887006,-2.409669211,-0.834605598,1.048346056,23.19666667
02:31.8,-2.763706783,8.703721102,2.761312581,-2.045801527,-1.384223919,0.816793893,23.18333333
02:31.9,-2.681505859,8.666211943,2.770889388,-1.768447837,-2.251908397,0.198473282,23.17666667
02:31.9,-2.655169641,8.662221606,2.79323527,-1.458015267,-3.150127226,-0.430025445,23.18333333
02:32.0,-2.650381238,8.678182951,2.819571488,-1.096692112,-4.040712468,-0.715012723,23.18333333
02:32.0,-2.653573507,8.635087321,2.825157959,-0.877862595,-4.755725191,-0.679389313,23.17666667
02:32.1,-2.726197624,8.646260262,2.854686446,-0.994910941,-4.959287532,-1.312977099,23.18333333
02:32.1,-2.798023674,8.648654464,2.863465186,-1.34351145,-5.93129771,-2.760814249,23.19666667
02:32.1,-2.877830396,8.627904716,2.926512496,-1.501272265,-7.473282443,-4.34605598,23.21
02:32.2,-2.861070984,8.595982027,2.975992664,-1.727735369,-8.669211196,-5.038167939,23.19666667
02:32.2,-2.822763757,8.646260262,3.035847705,-2.03307888,-8.391857506,-5.063613232,23.18333333
02:32.2,-2.746947371,8.694942362,3.000732747,-2.760814249,-6.715012723,-5.193384224,23.17
02:32.3,-2.686294263,8.707711438,2.933695101,-3.48346056,-4.513994911,-5.994910941,23.18333333
02:32.3,-2.666342582,8.651048665,2.794831405,-3.959287532,-4.114503817,-7.055979644,23.19666667
02:32.4,-2.628833423,8.659029338,2.732582161,-2.745547074,-5.501272265,-7.175572519,23.20333333
02:32.4,-2.591324264,8.72447085,2.687890397,-1.419847328,-6.65648855,-5.231552163,23.19666667
02:32.4,-2.479594853,8.735643791,2.697467204,0.394402036,-5.740458015,-1.852417303,23.19
02:32.5,-2.470018046,8.710903707,2.731784094,1.150127226,-3.618320611,1.730279898,23.19
02:32.5,-2.53785376,8.646260262,2.77887006,2.259541985,-2.720101781,4.142493639,23.19
02:32.6,-2.681505859,8.545703792,2.811590816,3.386768448,-4.234096692,5.066157761,23.19666667
02:32.6,-2.705447876,8.496223625,2.824359892,4.356234097,-5.921119593,5.511450382,23.20333333
02:32.7,-2.751735775,8.428387911,2.820369556,4.837150127,-6.048346056,5.938931298,23.20333333
02:32.7,-2.811590816,8.539319255,2.892195605,4.361323155,-4.648854962,6.175572519,23.19666667
02:32.8,-2.955242916,8.677384884,2.875436194,3.297709924,-3.697201018,4.111959288,23.20333333
02:32.8,-2.964819722,8.872113285,2.90815695,1.821882952,-3.58524173,1.030534351,23.21666667
02:32.9,-2.891397538,8.883286226,2.847503841,0.175572519,-3.595419847,-2.473282443,23.22333333
02:32.9,-2.695871069,8.789114294,2.924118294,-1.307888041,-3.547073791,-3.910941476,23.21666667
02:33.0,-2.577757121,8.736441858,2.896185942,-2.366412214,-3.338422392,-3.783715013,23.21
02:33.0,-2.57217065,8.806671773,2.885013,-3.178117048,-2.389312977,-2.407124682,23.21
02:33.0,-2.648785103,8.842584798,2.791639136,-4.302798982,-1.842239186,-1.236641221,23.21666667
02:33.1,-2.70145754,8.829017655,2.802812077,-4.783715013,-2.732824427,-1.13740458,23.22333333
02:33.1,-2.712630481,8.791508496,2.845907707,-5.692111959,-4.208651399,-1.715012723,23.23
02:33.2,-2.770091321,8.806671773,2.878628463,-6.783715013,-5.002544529,-2.460559796,23.22333333
02:33.2,-2.849898043,8.769162614,2.89937821,-9.114503817,-4.923664122,-3.51653944,23.21666667
02:33.3,-2.969608126,8.776345219,2.952848714,-11.05343511,-5.557251908,-4.491094148,23.21
02:33.3,-3.004723083,8.798691101,3.117250562,-12.51145038,-7.027989822,-5.348600509,23.21
02:33.4,-2.970406193,8.788316227,3.353478459,-13.88549618,-8.348600509,-5.180661578,23.21
02:33.4,-2.711832414,8.501810095,3.656744002,-17.1475827,-6.256997455,-4.076335878,23.21
02:33.5,-2.501142668,8.079632536,3.566562406,-20.18066158,0.684478372,-4.661577608,23.20333333
02:33.5,-2.502738802,8.070055729,3.421314172,-16.46564885,3.183206107,-4.944020356,23.19666667
02:33.5,-2.635217961,7.949547579,3.189874679,-5.201017812,2.402035623,-7.111959288,23.19666667
02:33.6,-2.745351237,7.586426994,3.134009973,11.23664122,-7.010178117,-9.249363868,23.20333333
02:33.6,-2.802812077,7.13392288,3.149971318,26.00763359,-19.7735369,-10.97964377,23.20333333
02:33.7,-2.905762748,7.44676523,3.277662073,37.03307888,-30.26208651,-11.1221374,23.19666667
02:33.7,-3.12922157,8.563261271,3.525860978,40.93129771,-34.14249364,-10.59287532,23.20333333
02:33.8,-3.128423503,9.127494796,3.474784676,35.67684478,-27.48091603,-15.72519084,23.21666667
02:33.8,-3.062183923,8.875305554,3.161942326,27.50381679,-24.40712468,-25.34605598,23.22333333
02:33.9,-2.979184932,8.312668164,2.827552161,20.82188295,-24.30788804,-33.72010178,23.21666667
02:33.9,-3.112462158,8.149064384,2.584141659,19.50636132,-29.11704835,-34.60050891,23.21
02:34.0,-3.430092912,8.619924044,2.621650818,19.75063613,-36.40203562,-25.44529262,23.21
02:34.0,-3.512293835,9.225657064,2.715024683,17.06870229,-33.55725191,-10.71755725,23.21
02:34.0,-3.524264844,9.484230843,2.79323527,9.262086514,-16.91603053,0.849872774,23.21666667
02:34.1,-3.479573079,9.133081266,2.639208297,-1.139949109,4.51653944,2.404580153,23.22333333
02:34.1,-3.639984591,8.493031356,2.416547542,-8.491094148,11.19338422,-2.554707379,23.25
02:34.2,-3.618436776,8.135497241,2.355894434,-12.17557252,4.386768448,-4.099236641,23.27
02:34.2,-3.502717029,8.199342619,2.308808468,-13.60305344,0.132315522,1.702290076,23.26333333
02:34.3,-3.351084257,8.318254635,2.250549561,-14.91603053,5.503816794,9.982188295,23.23666667
02:34.3,-3.434083248,8.673394548,2.221021073,-13.90839695,15.28753181,15.78625954,23.21
02:34.3,-3.537831986,8.734845723,2.23059788,-11.50636132,23.11959288,16.67938931,23.23
02:34.4,-3.570552743,8.441955054,2.315991073,-6.755725191,22.68193384,15.06870229,23.25
02:34.4,-3.445256189,7.878519596,2.394999727,-3.366412214,15.64631043,13.39440204,23.25666667
02:34.5,-3.254518123,7.771578589,2.529873088,-1.781170483,9.82697201,16.40203562,23.24333333
02:34.5,-3.197855351,8.254409257,2.710236279,-1.982188295,13.46310433,22.51145038,23.23
02:34.6,-3.348690055,8.729259253,2.767697119,-3.160305344,24.32569975,27.81679389,23.23
02:34.6,-3.659138204,8.870517151,2.769293254,-2.997455471,28.28498728,27.66666667,23.22333333
02:34.7,-3.85546274,8.788316227,2.667140649,-2.648854962,22.24173028,21.76335878,23.21666667
02:34.7,-3.803588371,8.741230261,2.628035356,-1.559796438,9.282442748,13.37150127,23.21
02:34.7,-3.533043583,8.817046647,2.726995691,-1.737913486,1.404580153,6.765903308,23.21666667
02:34.8,-3.258508459,8.793902698,2.827552161,-3.58778626,1.628498728,3.427480916,23.22333333
02:34.8,-3.155557788,8.73883606,2.916935689,-5.994910941,5.697201018,1.816793893,23.22333333
02:34.9,-3.159548124,8.61513564,2.877830396,-7.417302799,6.867684478,-0.318066158,23.21666667
02:34.9,-3.217807031,8.556876733,2.847503841,-6.659033079,1.987277354,-3.007633588,23.21666667
02:35.0,-3.20663409,8.477868079,2.814783085,-4.765903308,-4.679389313,-5.284987277,23.22333333
02:35.0,-3.145182914,8.4603106,2.851494177,-3.351145038,-9.27735369,-6.872773537,23.23
02:35.1,-3.075751066,8.461108667,2.833936698,-3.055979644,-10.45801527,-8.178117048,23.23
02:35.1,-3.058193587,8.426791777,2.811590816,-2.384223919,-11.19338422,-9.335877863,23.23
02:35.1,-3.169922998,8.475473877,2.741360901,-0.363867684,-12.05089059,-9.740458015,23.23
02:35.2,-3.356670728,8.572040011,2.809196615,3.918575064,-15.77608142,-8.368956743,23.23
02:35.2,-3.511495768,8.769162614,3.124433167,7.279898219,-20.54198473,-6.053435115,23.23
02:35.3,-3.733358455,8.324639172,3.471592407,8.82697201,-25.87277354,-8.152671756,23.23
02:35.3,-3.994326436,7.924807495,3.773261816,8.076335878,-36.61068702,-17.79898219,23.22333333
02:35.4,-4.120421057,7.575254053,3.824338118,7.641221374,-47.09923664,-29.80152672,23.21666667
02:35.4,-3.938461731,6.670245825,3.949634672,4.625954198,-56.42748092,-43.47328244,23.21
02:35.5,-3.608859969,6.533776331,3.762886943,3.839694656,-51.66666667,-45.08905852,23.21
02:35.5,-3.824338118,7.774770858,4.16271862,3.709923664,-38.67430025,-34.01526718,23.23
02:35.6,-3.872222152,9.358136222,4.368619963,6.302798982,-20.33587786,-25.33842239,23.25
02:35.6,-3.471592407,9.248002946,4.798778194,4.318066158,-11.50636132,-27.24173028,23.25666667
02:35.6,-2.596910734,7.461928507,4.40373492,-2.348600509,-12.54452926,-39.48091603,23.24333333
02:35.7,-2.03826368,6.83544574,4.187458704,-10.70737913,-3.938931298,-29.2086514,23.23
02:35.8,-2.236184351,7.174624308,3.828328455,-16.02544529,15.05089059,-4.933842239,23.23
02:35.8,-2.617660482,7.866548588,3.628013582,-16.93129771,40.90839695,27.25699746,23.23
02:35.8,-3.271277535,8.448339591,3.375026274,-15.73536896,54.73282443,49.26208651,23.23
02:35.9,-3.643974927,9.095572107,3.065376192,-16.29007634,65.7735369,63.6692112,23.23
02:35.9,-3.986345764,10.28309613,3.031059302,-16.85750636,69.17302799,69.36386768,23.23
02:35.9,-3.91851005,11.02769285,2.975992664,-18.3307888,66.40203562,72.21119593,23.23
02:36.0,-3.51388997,10.83695478,3.064578125,-20.77862595,63.09414758,72.23155216,23.23
02:36.0,-2.961627454,9.331001937,2.825157959,-24.43256997,64.82442748,71.21374046,23.24333333
02:36.0,-2.873041992,8.213707829,2.497152332,-26.22900763,62.30534351,67.31043257,23.25666667
02:36.1,-3.228181905,8.106766821,2.339933089,-25.19847328,47.96437659,63.07379135,23.27
02:36.1,-3.482765348,8.481060347,2.260126367,-24.31552163,36.17811705,57.07633588,23.25666667
02:36.1,-3.335122913,8.24483245,2.044648218,-23.51908397,36.19083969,49.03307888,23.24333333
02:36.2,-3.239354846,7.51859128,1.778891833,-20.18829517,39.71246819,39.6437659,23.23
02:36.2,-3.217008964,6.853801286,1.628855196,-13.2519084,33.54707379,31.39949109,23.23
02:36.2,-3.19226888,6.639919271,1.803631917,-4.249363868,21.60050891,25.20101781,23.23
02:36.3,-2.792437203,6.856195487,2.29364519,2.921119593,14.956743,24.02035623,23.22333333
02:36.3,-2.509921407,7.438784558,2.778071993,7.82697201,23.32569975,25.63867684,23.21666667
02:36.3,-2.526680819,8.018979427,3.39896829,9.664122137,37.29007634,28.24427481,23.21
02:36.4,-2.920926025,8.54650186,3.757300472,11.30534351,48.5394402,28.1653944,23.21666667
02:36.4,-3.437275517,9.073226225,4.132392065,14.40203562,49.21882952,25.80661578,23.22333333
02:36.4,-4.232948535,9.676565043,4.516262398,16.53180662,39.89821883,20.72519084,23.23
02:36.5,-4.743711556,10.16418411,4.655924162,16.72519084,26.36386768,10.69720102,23.23
02:36.5,-4.848258362,10.75156159,4.952805168,12.15267176,11.87022901,1.877862595,23.23
02:36.5,-4.429273071,10.46505546,4.947218697,3.549618321,4.809160305,-8.407124682,23.23
02:36.6,-3.902548706,9.4706637,4.731740548,-7.921119593,-1.391857506,-19.41475827,23.22333333
02:36.6,-3.468400138,8.317456567,4.22017946,-17.67684478,-13.48091603,-32.09669211,23.21666667
02:36.6,-2.910551152,8.099584216,3.742935262,-23.83969466,-30.69720102,-36.61068702,23.21
02:36.7,-2.635217961,8.777941353,3.6056677,-28.15776081,-38.70229008,-32.12977099,23.21
02:36.7,-2.483585189,9.02294799,3.288036947,-33.40203562,-34.39694656,-26.23664122,23.21
02:36.7,-2.387817122,8.757191606,2.790841069,-37.96183206,-25.76844784,-25.55979644,23.21
02:36.8,-2.200271326,8.090805477,2.292049056,-41.05852417,-23.45292621,-29.19083969,23.20333333
02:36.8,-2.090936117,7.616753548,1.965639563,-41.19083969,-25.17302799,-33.31552163,23.19666667
02:36.8,-2.049436621,7.584032792,1.775699565,-37.59033079,-28.35877863,-32.87022901,23.19
02:36.9,-2.050234688,7.801905143,1.69669091,-30.17302799,-27.28498728,-26.96183206,23.19666667
02:36.9,-1.95207242,8.039729175,1.70227738,-20.20101781,-22.75063613,-15.75572519,23.20333333
02:36.9,-1.941697546,8.469089339,1.780487968,-9.590330789,-15.15521628,-2.389312977,23.21
02:37.0,-1.972024101,9.134677401,1.948082084,-0.597964377,-5.529262087,11.07633588,23.21666667
02:37.0,-2.036667546,9.761160168,2.096522587,5.422391858,6.229007634,21.72773537,23.22333333
02:37.0,-2.161166032,10.93591512,2.197877124,11.67938931,19.32824427,32.85496183,23.23
02:37.1,-2.236982418,11.24237293,2.553815104,16.01017812,35.74554707,44.52417303,23.23
02:37.1,-2.208251998,10.39402747,2.742158968,17.95928753,56.21119593,48.73536896,23.23
02:37.1,-2.151589225,8.365340601,2.77328359,17.60050891,67.51145038,42.55979644,23.23
02:37.2,-2.366269307,7.325459013,2.597708801,18.76335878,56.76590331,31.97455471,23.23
02:37.2,-2.55221897,7.742050102,2.835532833,20.57760814,32.9389313,24.98473282,23.23
02:37.2,-2.384624854,8.245630518,3.236960645,19.42239186,20.62849873,21.65648855,23.23
02:37.3,-2.161964099,7.970297327,3.466804004,16.17811705,25.80152672,18.32569975,23.23
02:37.3,-2.179521578,7.309497668,3.466804004,13.97964377,31.55216285,15.8956743,23.23
02:37.3,-2.54344023,7.032568343,3.592100557,13.80661578,25.43002545,14.75318066,23.24333333
02:37.4,-2.580151322,7.294334391,3.836309127,14.11959288,15.19338422,14.43765903,23.25666667
02:37.4,-2.46602771,7.812280017,4.06216215,14.07124682,11.73791349,16.38167939,23.27
02:37.4,-2.435701156,8.28234161,4.13957467,12.60050891,15.65394402,16.73282443,23.25
02:37.5,-2.667938717,8.912016646,4.140372738,10.5216285,16.88549618,14.76081425,23.23
02:37.5,-2.934493168,9.579200842,4.17708383,7.078880407,11.74045802,11.58015267,23.21
02:37.5,-3.024674764,10.45627672,3.991932235,4.302798982,8.203562341,7.193384224,23.21
02:37.6,-3.201845687,11.84730788,4.055777612,1.951653944,8.643765903,6.82697201,23.21
02:37.6,-3.347891988,12.00452712,4.067748621,-3.984732824,7.679389313,5.076335878,23.21
02:37.6,-3.31277703,10.71006209,3.762886943,-12.17811705,-1.284987277,-2.389312977,23.20333333
02:37.7,-2.98556947,8.745220597,3.027867033,-18.41984733,-18.27735369,-17.7913486,23.19666667
02:37.7,-2.852292244,8.192958081,2.525882751,-19.96946565,-41.75572519,-30.60814249,23.19
02:37.8,-2.757322245,8.805075639,2.5953146,-20.24427481,-60.39440204,-33.93129771,23.19666667
02:37.8,-2.470816113,8.86493068,2.564189978,-22.8346056,-63.06615776,-30.79643766,23.20333333
02:37.8,-2.165954435,8.34538892,2.200271326,-24.22137405,-52.30279898,-28.78117048,23.21
02:37.9,-2.083753512,7.760405648,1.911370992,-24.13486005,-44.10178117,-26.82697201,23.21
02:37.9,-2.246559224,7.544927498,1.741382674,-23.01017812,-42.78117048,-25.09923664,23.21
02:37.9,-2.175531242,7.584032792,1.65918175,-21.45801527,-40.55725191,-21.86005089,23.20333333
02:38.0,-2.090138049,7.702944808,1.505154777,-18.68956743,-33.35114504,-17.65648855,23.19666667
02:38.0,-2.039061747,8.03254657,1.435722929,-14.54707379,-24.99745547,-11.67430025,23.19
02:38.0,-2.094926453,8.759585807,1.541067802,-10.24427481,-16,-4.178117048,23.19
02:38.1,-2.0669941,9.708487732,1.807622253,-8.015267176,-3.297709924,4.002544529,23.19
02:38.1,-1.924140068,10.6174863,1.933716874,-7.229007634,17.51653944,10.03307888,23.19
02:38.1,-1.971226034,11.87524023,2.102907125,-4.442748092,40.31806616,17.69465649,23.19666667
02:38.2,-2.051830823,11.59352251,2.547430566,-0.323155216,58.96437659,22.30279898,23.20333333
02:38.2,-2.065397965,10.18972227,3.07176073,1.501272265,69.11450382,20.43256997,23.21
02:38.2,-1.88902511,7.896077075,3.118846696,0.506361323,65.76081425,11.38167939,23.20333333
02:38.3,-1.877054102,7.362968172,2.703851742,-0.592875318,50.8956743,3.65394402,23.19666667
02:38.3,-1.888227043,7.771578589,2.55221897,-0.10178117,34.79389313,3.519083969,23.19
02:38.3,-2.088541915,7.987056738,2.766100985,-0.150127226,31.42239186,7.51653944,23.19666667
02:38.4,-2.410961072,7.463524642,2.949656445,0.002544529,38.16793893,10.56743003,23.20333333
02:38.4,-2.937685437,6.787561707,2.919329891,2.834605598,43.00508906,11.06361323,23.21
02:38.4,-3.418121903,6.649496077,3.119644763,7.870229008,38.37913486,11.75063613,23.20333333
02:38.5,-3.881798958,7.021395402,3.54820686,12.2086514,28.80152672,13.45038168,23.19666667
02:38.5,-4.228958199,7.486668591,3.987143831,15.20101781,16.9389313,15.28753181,23.19
02:38.5,-4.355850887,7.796318673,4.141968872,17.75826972,5.27735369,14.86259542,23.19666667
02:38.6,-4.390965845,8.175400602,4.212996855,21.4351145,-8.073791349,12.95419847,23.20333333
02:38.6,-4.451618953,8.626308582,4.290409375,23.73282443,-21.93129771,9.007633588,23.21
02:38.6,-4.424484668,9.376491768,4.048595007,27.19338422,-33.19083969,4.091603053,23.20333333
02:38.7,-4.458801558,10.5273047,4.109248116,30.48600509,-43.54707379,4.030534351,23.19666667
02:38.7,-4.420494332,10.95267453,4.1339882,28.94910941,-55.06615776,6.254452926,23.19
02:38.7,-4.232150468,10.27192319,3.784434757,20.17302799,-70.44783715,2.384223919,23.19
02:38.8,-3.529851314,8.991025301,2.961627454,8.809160305,-83.99745547,-8.279898219,23.19
02:38.8,-2.988761739,8.539319255,2.31678914,-0.142493639,-91.82442748,-18.13486005,23.19666667
02:38.8,-2.667140649,8.666211943,2.15318536,-6.712468193,-88.06870229,-21.36132316,23.20333333
02:38.9,-2.616064347,8.407638163,1.914563261,-11.98727735,-78.87277354,-22.68193384,23.21
02:38.9,-2.620852751,8.045315645,1.577778894,-14.99491094,-74.32824427,-24.18575064,23.20333333
02:39.0,-2.570574516,8.076440267,1.327185787,-17.8346056,-73.72264631,-23.37659033,23.19666667
02:39.0,-2.485181323,8.621520178,1.226629317,-21.22900763,-68.72010178,-19.72773537,23.19
02:39.0,-2.315193005,9.296685046,1.188322091,-24.14249364,-52.16030534,-14.3740458,23.19
02:39.1,-2.276087712,9.728439412,1.22583125,-25.57760814,-32.00508906,-9.776081425,23.19
02:39.1,-2.396595862,9.850543697,1.308032174,-25.40203562,-17.02544529,-8.287531807,23.19666667
02:39.1,-2.395797795,9.717266471,1.434924862,-24.4783715,-10.08651399,-9.778625954,23.20333333
02:39.2,-2.318385274,9.999782267,1.410982845,-20.35368957,-5.946564885,-10.96183206,23.21
02:39.2,-2.15318536,10.90000209,1.579375028,-11.90076336,2.221374046,-4.786259542,23.20333333
02:39.2,-1.98958158,10.59673655,1.909774858,-1.867684478,16.99236641,2.671755725,23.19666667
02:39.3,-1.953668555,9.207301518,2.171540906,9.694656489,30.71755725,4.234096692,23.19
02:39.3,-2.109291663,7.611965145,2.355096366,21.09923664,23.83969466,-0.478371501,23.19
02:39.3,-2.319183341,7.698954472,2.541046029,30.79643766,-0.259541985,-4.666666667,23.19
02:39.4,-2.022302336,8.158641191,2.948060311,34.22391858,-23.61577608,-3.854961832,23.19
02:39.4,-1.576980827,7.991845142,3.179499805,32.41221374,-26.59033079,-2.534351145,23.19
02:39.4,-1.466049483,7.302315063,3.19226888,30.36386768,-20.68193384,-1.776081425,23.19
02:39.5,-1.885832841,7.07646204,3.391785685,30.97455471,-20.72773537,0.147582697,23.19
02:39.5,-2.334346619,7.279969181,3.67749375,31.67430025,-26.01017812,2.218829517,23.19666667
02:39.5,-2.474806449,7.688579598,3.982355428,31.16793893,-27.16284987,4.363867684,23.20333333
02:39.6,-2.674323254,7.898471277,4.009489714,28.47582697,-24.02035623,3.62086514,23.21
02:39.6,-2.868253589,8.261591862,4.065354419,25.11195929,-22.55470738,0.376590331,23.20333333
02:39.6,-3.10049115,9.014967318,4.123613326,20.28753181,-22.51908397,-3.564885496,23.19666667
02:39.7,-3.085327873,9.876879915,4.036623999,15.32061069,-17.65139949,-6.770992366,23.19
02:39.7,-3.266489132,11.17453722,3.977567025,11.70483461,-8.501272265,-6.529262087,23.18333333
02:39.7,-3.431689046,11.51132158,3.905740975,6.424936387,-2.491094148,-5.567430025,23.17666667
02:39.8,-3.60008123,10.69489882,3.657542069,0.68956743,-9.735368957,-8.921119593,23.17
02:39.8,-3.4133335,8.999804041,3.023876697,-5.256997455,-30.70483461,-19.64122137,23.17666667
02:39.8,-3.10607762,8.220092367,2.426922416,-6.488549618,-54.95419847,-29.65394402,23.18333333
02:39.9,-2.866657454,8.651048665,2.361480904,-6.356234097,-70.39949109,-31.52417303,23.18333333
02:39.9,-2.573766785,8.843382865,2.338336955,-7.236641221,-68.22391858,-27.21374046,23.17666667
02:39.9,-2.442883761,8.383696147,2.059013428,-8.211195929,-57.59033079,-23.72773537,23.17
02:40.0,-2.42293208,7.852183378,1.789266707,-8.681933842,-50.53180662,-22.55216285,23.17
02:40.0,-2.457248971,7.748434639,1.700681246,-9.445292621,-48.24427481,-22.09923664,23.17
02:40.0,-2.369461576,8.070853796,1.727815531,-10.93129771,-44.24936387,-20.81933842,23.17
02:40.1,-2.283270317,8.496223625,1.636037801,-11.94656489,-35.03053435,-18.48346056,23.17666667
02:40.1,-2.232992082,9.019755721,1.7310078,-12.24936387,-24.24936387,-14.40458015,23.18333333
02:40.1,-2.21623267,9.414798995,1.851515951,-12.41984733,-14.64885496,-9.949109415,23.19
02:40.2,-2.141214351,9.735622017,2.088541915,-12.92875318,-6.114503817,-6.053435115,23.19666667
02:40.2,-2.068590234,10.01893588,2.136425948,-13.51653944,1.788804071,-3.381679389,23.20333333
02:40.2,-2.10131099,10.92234797,2.205059729,-10.10687023,11.70992366,2.050890585,23.21
02:40.3,-2.201069393,11.28387242,2.545834432,-4.030534351,22.85750636,12.15012723,23.20333333
02:40.3,-2.122858805,10.29506714,2.889003337,2.603053435,35.81933842,18.89058524,23.19666667
02:40.3,-2.060609562,8.226476904,2.958435185,8.880407125,40.02798982,18.64122137,23.19
02:40.4,-2.146800822,7.114769267,2.906560815,14.38167939,25.96437659,12.75572519,23.19
02:40.4,-2.233790149,7.582436658,3.12044283,17.2697201,4.470737913,9.24173028,23.19
02:40.4,-1.883438639,8.065267326,3.450044592,14.00508906,-2.972010178,9.68956743,23.19
02:40.5,-1.660777885,7.661445313,3.526659045,9.03307888,9.597964377,10.21374046,23.18333333
02:40.5,-1.882640572,6.694985909,3.496332491,7.765903308,18.47073791,11.40712468,23.17666667
02:40.5,-2.640804431,6.347028601,3.759694674,9.073791349,11.1653944,9.956743003,23.17
02:40.6,-3.07176073,6.74925448,3.989538033,9.811704835,-3.636132316,9.086513995,23.17
02:40.6,-3.237758712,7.555302372,4.114036519,7.928753181,-8.419847328,8.078880407,23.17
02:40.7,-3.233768376,8.123526233,4.015076184,4.860050891,-1.62086514,6.145038168,23.17
02:40.7,-3.455631063,8.438762785,3.834712992,2.13740458,5.455470738,0.302798982,23.17
02:40.7,-3.704628035,8.981448494,3.629609717,0.386768448,5.501272265,-7.419847328,23.17
02:40.8,-3.796405766,9.35893429,3.255316191,0.648854962,0.8956743,-14.1475827,23.17666667
02:40.8,-3.883395093,10.41637336,3.011107621,6.608142494,-2.358778626,-15.59541985,23.18333333
02:40.8,-3.992730302,10.59992882,3.134009973,12.5648855,-7.8956743,-14.32824427,23.19
02:40.9,-4.029441394,10.10512714,2.932897034,16.39694656,-17.10687023,-18.06870229,23.17666667
02:40.9,-3.674301481,9.132283199,2.715024683,15.91094148,-36.29516539,-24.46564885,23.16333333
02:40.9,-3.237758712,8.650250598,2.227405611,14.23664122,-51.24681934,-31.92111959,23.15
02:41.0,-2.845109639,8.831411857,2.288856787,12.30025445,-56.77099237,-33.92620865,23.17
02:41.0,-2.489171659,8.421205306,2.313596871,7.791348601,-46.17048346,-35.17811705,23.19
02:41.0,-2.241770821,7.749232707,2.229001746,3.592875318,-30.30279898,-35.81424936,23.21
02:41.1,-2.320779476,7.212133468,2.130839478,0.442748092,-20.31043257,-35.84987277,23.20333333
02:41.1,-2.399788131,7.129134477,2.084551579,-1.521628499,-15.40712468,-34.08142494,23.19666667
02:41.1,-2.553017037,7.478687919,2.029484941,-2.13740458,-11.03816794,-29.9821883,23.19
02:41.2,-2.637612162,7.999825814,2.019908134,-1.335877863,-6.486005089,-21.97709924,23.19
02:41.2,-2.880224597,8.406840096,2.137224015,-0.521628499,-4.124681934,-12.4605598,23.19
02:41.2,-2.823561825,8.813854378,2.31678914,-0.684478372,-4.409669211,-2.969465649,23.18333333
02:41.3,-2.593718465,9.323819332,2.651977372,-3.796437659,-2.707379135,5.119592875,23.17666667
02:41.3,-2.266510905,9.538499414,2.867455522,-9.595419847,3.440203562,9.676844784,23.17
02:41.3,-2.291250989,10.58636167,2.988761739,-12.23155216,10.0178117,14.95419847,23.17666667
02:41.4,-2.414153341,11.85209628,3.344699719,-12.86513995,16.31043257,28.55725191,23.18333333
02:41.4,-2.416547542,11.63422393,3.315171232,-12.42239186,33.59033079,37.6437659,23.19
02:41.4,-2.35110603,9.844957227,3.175509469,-11.64631043,49.24173028,36.71501272,23.18333333
02:41.5,-2.435701156,8.019777494,2.736572498,-9.750636132,41.51145038,25.7302799,23.17666667
02:41.5,-2.528276953,7.921615226,2.597708801,-9.134860051,16.38931298,17.91348601,23.17
02:41.6,-2.213040401,7.983066402,2.380634517,-12.32824427,-3.763358779,17.65903308,23.17
02:41.6,-1.877054102,7.502629936,2.090138049,-16.58778626,1.541984733,18.5394402,23.17
02:41.6,-1.843535278,7.045337419,1.890621244,-18.15012723,18.61577608,19.43002545,23.17
02:41.7,-2.263318636,7.049327755,1.930524605,-17.19847328,40.41475827,20.09669211,23.17666667
02:41.7,-2.976790731,7.267200106,2.194684855,-12.2697201,56.25445293,22.53689567,23.18333333
02:41.7,-3.757300472,7.366160441,2.65836191,-4.671755725,60.52926209,26.08651399,23.19
02:41.8,-4.473964836,7.52737002,3.075751066,2.811704835,51.40966921,27.15521628,23.19
02:41.8,-4.756480632,7.935182369,3.31277703,8.043256997,36.18575064,24.44529262,23.19
02:41.8,-4.659914498,8.712499841,3.540226188,10.07888041,21.91857506,20.32061069,23.19
02:41.9,-4.352658618,9.663795968,3.610456104,11.47582697,15.65394402,16.19083969,23.18333333
02:41.9,-4.173891561,10.95028033,3.986345764,11.08905852,15.44783715,16.16030534,23.17666667
02:41.9,-4.100469377,10.88803108,4.109248116,6.717557252,15.44274809,13.80661578,23.17666667
02:42.0,-4.058171814,9.672574707,3.875414421,0.664122137,3.697201018,3.41221374,23.18333333
02:42.0,-3.586514087,8.182583207,3.297613753,-4.409669211,-19.92620865,-12.86259542,23.19
02:42.0,-3.153163586,8.180987073,2.957637118,-6.193384224,-44.23155216,-23.60814249,23.19
02:42.1,-2.680707792,9.056466813,3.128423503,-10.00763359,-50.82951654,-23.56997455,23.19
02:42.1,-2.384624854,9.026140259,3.079741402,-16.21374046,-34.58524173,-21.97964377,23.19
02:42.1,-2.192290653,8.291120349,2.754928044,-21.59287532,-14.0610687,-23.5216285,23.19
02:42.2,-2.263318636,7.688579598,2.430114685,-24.82188295,-8.071246819,-26.82442748,23.19
02:42.2,-2.33674082,7.868144722,2.278481913,-27.2697201,-10.80916031,-28.8524173,23.19
02:42.2,-2.227405611,8.459512533,2.18191578,-28.87277354,-10.72519084,-26.0178117,23.18333333
02:42.3,-2.011927462,8.731653455,2.105301326,-28.45038168,-0.256997455,-18.87022901,23.17666667
02:42.3,-2.004744857,8.763576143,1.991177714,-25.40712468,12.29262087,-8.526717557,23.18333333
02:42.4,-2.197877124,8.783527824,2.039061747,-20.83969466,20.70992366,2,23.19666667
02:42.4,-2.286462585,8.971073621,2.162762166,-17.00763359,23.67175573,10.91094148,23.21
02:42.4,-2.275289644,9.840168823,2.2593283,-11.99745547,26.28244275,19.99236641,23.20333333
02:42.5,-2.296039392,10.81540697,2.632025692,-5.539440204,34.30279898,34.46819338,23.19666667
02:42.5,-2.256136031,10.37647,3.049414848,-0.816793893,51.70737913,43.67175573,23.19
02:42.5,-2.358288635,8.862536479,3.309584762,1.218829517,63.15012723,43.30788804,23.19
02:42.6,-2.477998718,7.824251025,3.197855351,0.918575064,53.91094148,32.95419847,23.19
02:42.6,-2.673525187,8.532934717,3.255316191,-0.778625954,29.87022901,24.80916031,23.19
02:42.6,-2.295241325,9.205705383,3.424506441,-5.900763359,16.38422392,23.33333333,23.19
02:42.7,-2.008735193,8.662221606,3.348690055,-12.34860051,24.18575064,22.65394402,23.19
02:42.7,-1.948880151,7.659849178,2.947262244,-15.38422392,36.70483461,21.5648855,23.19
02:42.7,-2.395797795,7.160259098,2.603295272,-13.85750636,38.81933842,19.6259542,23.19
02:42.8,-2.57217065,7.235277417,2.53785376,-9.524173028,34.95419847,19.94147583,23.19
02:42.8,-2.600103003,7.361372038,2.61526628,-3.569974555,35.91348601,22.89058524,23.19666667
02:42.8,-2.654371574,7.556898507,2.789244934,2.944020356,42.29262087,26.34096692,23.20333333
02:42.9,-2.889801404,8.251216988,3.094106612,6.025445293,46.26463104,27.42493639,23.21
02:42.9,-2.952050647,9.096370174,3.194663082,4.292620865,47.11450382,24.56743003,23.20333333
02:42.9,-2.968011991,10.3325763,2.975194596,1.279898219,47.3740458,19.82951654,23.19666667
02:43.0,-3.011905688,11.75153982,3.383006946,-5.847328244,50.99491094,19.71755725,23.19
02:43.0,-2.961627454,11.45306267,3.300806022,-18.28244275,58.8956743,14.63358779,23.19666667
02:43.0,-2.825157959,10.36769126,3.106875688,-34.78117048,63.1653944,1.030534351,23.20333333
02:43.1,-2.19628099,9.038909334,2.231395947,-48.39949109,60.34860051,-16.3129771,23.21
02:43.1,-1.928928471,9.683747648,2.031879142,-59.50890585,62.60305344,-25.85750636,23.20333333
02:43.2,-1.742978809,10.34933571,2.047042419,-69.36132316,78.77862595,-27.50381679,23.19666667
02:43.2,-1.885034774,10.12428075,1.78846864,-76.64122137,100.3486005,-27.64631043,23.19
02:43.2,-2.047840487,9.145052275,1.43253066,-76.90839695,106.346056,-23.96437659,23.19666667
02:43.3,-2.268905107,8.478666146,1.349531669,-73.48346056,98.67175573,-14.95165394,23.20333333
02:43.3,-2.442085693,8.343792786,1.320003182,-71.21119593,91.44020356,-1.422391858,23.21
02:43.3,-2.511517542,8.47467581,1.308032174,-71.17811705,91.91348601,13.72010178,23.21
02:43.4,-2.522690483,8.402051693,1.156399402,-72.76844784,100.4529262,28.82188295,23.21
02:43.4,-2.754129976,8.165823796,1.08217915,-72.88804071,113.0814249,40.30279898,23.21
02:43.4,-3.148375183,8.160237325,1.044669991,-72.3129771,123.2442748,50.02290076,23.21
02:43.5,-3.665522742,8.315860433,1.009555033,-70.88040712,125.259542,60.30025445,23.21
02:43.5,-4.124411393,8.488242952,1.199495032,-70.48091603,122.1475827,69.97455471,23.20333333
02:43.5,-4.384581307,8.521761776,1.376665955,-72.30534351,120.4478372,75.5216285,23.19666667
02:43.6,-4.594472986,8.586405221,1.529894861,-76.30025445,120.9618321,76.81170483,23.19
02:43.6,-4.850652563,9.168994291,1.372675618,-78.58524173,121.5012723,77.18829517,23.19666667
02:43.6,-5.111620544,9.541691683,1.395819568,-77.01526718,122.9770992,77.27735369,23.20333333
02:43.7,-5.076505587,9.090783704,1.598528642,-72.42239186,128.8396947,71.4605598,23.21
02:43.7,-4.855440967,7.931192033,1.889823177,-65.11195929,129.0941476,62.41475827,23.20333333
02:43.7,-4.950410966,7.045337419,2.055821159,-55.52926209,116.7964377,53.93384224,23.19666667
02:43.8,-5.186638863,7.192181787,2.323971745,-45.02798982,92.62086514,51.3307888,23.19
02:43.8,-5.117207015,7.509014473,2.671130986,-38.18066158,79.24936387,49.78625954,23.19666667
02:43.8,-4.688644918,7.697358337,2.829946362,-34.81424936,80.48346056,45.68956743,23.20333333
02:43.9,-4.387773576,7.597599935,2.789244934,-33.0178117,85.21119593,40.7735369,23.21
02:43.9,-4.50429139,7.517793213,2.703053674,-30.02798982,81.66157761,35.36641221,23.20333333
02:43.9,-4.491522314,7.469111112,2.765302917,-25.97964377,70.90330789,30.79643766,23.19666667
02:44.0,-4.262477022,7.146691956,2.720611153,-19.49618321,62.51145038,25.59796438,23.19
02:44.0,-4.239333073,7.272786576,2.71582275,-9.844783715,53.86768448,22.13994911,23.19666667
02:44.0,-4.429273071,8.031748503,2.900974345,-1.860050891,43.60814249,22.96946565,23.20333333
02:44.1,-4.700615926,8.774749084,3.013501823,0.025445293,34.61577608,23.66412214,23.21666667
02:44.1,-4.491522314,8.736441858,2.933695101,-5.106870229,30.15776081,19.77608142,23.22333333
02:44.1,-4.108450049,8.022969763,2.568978381,-11.21628499,32.16284987,9.613231552,23.23
02:44.2,-3.863443412,7.747636572,2.355894434,-15.32824427,35.3740458,1.017811705,23.21666667
02:44.2,-3.981557361,7.67660859,1.798843514,-15.90585242,31.28498728,-1.707379135,23.20333333
02:44.2,-4.071738957,7.92640363,1.944091748,-14.89821883,27.86513995,0.017811705,23.19
02:44.3,-4.181074166,7.826645227,1.964841496,-13.0610687,25.63867684,2.743002545,23.19
02:44.3,-4.248111812,7.930393966,2.462835441,-12.04071247,27.00254453,3.801526718,23.19
02:44.3,-4.56175223,8.006210352,2.280876115,-10.42493639,21.6437659,3.938931298,23.19
02:44.4,-4.896940462,8.400455558,2.307212333,-6.62086514,12.8346056,1.770992366,23.19
02:44.4,-4.951209033,8.599972363,2.415749475,-1.86259542,8.315521628,-2.20610687,23.19
02:44.4,-4.971160714,8.232861442,2.587333927,2.188295165,1.750636132,-8.938931298,23.19
02:44.5,-4.627193742,7.507418339,2.675919389,4.066157761,-9.600508906,-16.18829517,23.19666667
02:44.5,-4.367023828,7.325459013,2.618458549,4.910941476,-23.81933842,-20.87022901,23.20333333
02:44.5,-4.081315763,8.078834469,2.800417875,5.201017812,-29.13994911,-18.67684478,23.21
02:44.6,-3.954423075,8.90243984,3.012703756,4.139949109,-23.00763359,-13.2264631,23.21
02:44.6,-3.982355428,9.01416925,3.1723172,3.424936387,-13.99745547,-9.386768448,23.21
02:44.6,-3.975172823,8.780335555,3.177105603,2.185750636,-11.39185751,-9.06870229,23.21
02:44.7,-3.825136186,8.479464213,3.082933671,1.223918575,-13.21882952,-9.295165394,23.21
02:44.7,-3.576139213,8.11873783,3.115654427,0.778625954,-12.25954198,-7.170483461,23.21
02:44.8,-3.402958626,7.552110103,3.072558797,-0.498727735,-5.526717557,-3.491094148,23.21
02:44.8,-3.477976945,7.28316145,3.020684428,-2.282442748,0.643765903,0.982188295,23.21
02:44.8,-3.549802995,7.301516996,2.955242916,-5.832061069,3.267175573,5.669211196,23.21
02:44.9,-3.54262039,7.400477332,2.810792749,-8.567430025,7.06870229,9.559796438,23.21
02:44.9,-3.596090894,7.422823214,2.697467204,-10.00763359,13.22137405,13.06870229,23.21666667
02:44.9,-3.764483077,7.538542961,2.557007373,-9.770992366,18.27989822,16.6437659,23.22333333
02:45.0,-3.911327445,7.603186405,2.474008382,-7.839694656,19.99236641,20.44783715,23.23
02:45.0,-3.887385429,7.823452958,2.497950399,-4.865139949,20.93384224,25.48091603,23.23
02:45.0,-3.808376774,8.223284635,2.572968717,-2.432569975,25.45801527,30.8524173,23.23
02:45.1,-3.743733329,8.930372192,2.815581152,-2.488549618,30.00763359,35.40203562,23.22333333
02:45.1,-3.615244507,9.69172832,2.972002327,-5.371501272,31.59287532,38.6437659,23.21666667
02:45.1,-3.452438794,10.86408907,2.997540479,-8.849872774,29.64885496,41.84732824,23.21
02:45.2,-3.310382829,11.85768276,2.828350228,-9.27735369,26.00508906,48.45547074,23.20333333
02:45.2,-3.222595435,11.88641318,2.97120426,-8.709923664,23.69211196,53.63867684,23.19666667
02:45.2,-2.837927035,10.67255293,3.001530815,-12.81933842,26.85750636,55.03307888,23.19
02:45.3,-2.43729729,8.950323873,2.60090107,-22.02798982,34.94910941,49.59033079,23.19666667
02:45.3,-2.18750225,8.306283626,2.027888806,-31.60050891,43.92620865,43.02798982,23.20333333
02:45.3,-2.304818132,8.358956063,1.747767212,-36.23409669,53.08905852,37.65139949,23.21
02:45.4,-2.412557206,8.510588835,1.90339032,-36.69720102,62.15521628,34.64122137,23.21666667
02:45.4,-2.621650818,8.004614217,1.776497632,-34.15521628,64.88040712,30.66157761,23.22333333
02:45.4,-2.763706783,7.244056156,1.627259062,-29.17048346,54.66412214,23.12722646,23.23
02:45.5,-2.869051656,6.619169523,1.709459985,-23.30279898,36.53180662,13.48091603,23.23
02:45.5,-2.676717456,6.410075911,2.061407629,-17.74045802,23.79389313,4.860050891,23.23
02:45.5,-2.444479895,6.572083557,2.439691492,-13.08396947,22.70483461,0.829516539,23.23
02:45.6,-2.366269307,7.108384729,2.723803422,-8.091603053,28.59541985,1.111959288,23.21666667
02:45.6,-2.504334937,7.855375647,2.98556947,-2.867684478,35.043257,4.37913486,23.20333333
02:45.6,-2.803610144,8.589597489,3.282450476,3.183206107,36.6692112,8.335877863,23.19
02:45.7,-3.140394511,9.32142513,3.590504423,8.982188295,33.67684478,10.03307888,23.19666667
02:45.7,-3.29282535,9.607931262,3.805184505,12.93129771,27.38676845,7.249363868,23.20333333
02:45.7,-3.390987618,10.43073857,3.853068538,17.07379135,19.99236641,3.773536896,23.21
02:45.8,-3.487553752,11.14899906,4.102863578,18.00763359,12.10178117,4.076335878,23.21
02:45.8,-3.550601062,10.95427066,4.052585343,15.71755725,1.956743003,3.709923664,23.21
02:45.8,-3.382208879,9.602344792,3.658340137,9.951653944,-15.43256997,-4.211195929,23.21
02:45.9,-3.053405184,8.429984045,3.098096948,4.374045802,-39.41984733,-16.81933842,23.21
02:45.9,-2.786850732,8.554482532,2.878628463,-1.297709924,-59.55470738,-26.57760814,23.21
02:45.9,-2.504334937,9.075620426,2.884214933,-9.330788804,-60.36641221,-30.04580153,23.21666667
02:46.0,-2.297635527,8.915208915,2.57217065,-17.01017812,-46.02290076,-32.956743,23.22333333
02:46.0,-2.298433594,8.337408248,2.248155359,-21.65394402,-33.34860051,-35.6870229,23.23
02:46.0,-2.478796785,7.781155396,1.987985445,-23.09923664,-33.05597964,-37.70992366,23.23
02:46.1,-2.495556197,7.67660859,1.841939144,-23.11195929,-38.98982188,-36.96437659,23.23
02:46.1,-2.280876115,7.893682874,1.671152759,-22.21628499,-39.39440204,-32.19847328,23.23
02:46.1,-2.111685864,8.291120349,1.648806877,-19.79898219,-32.48854962,-23.69211196,23.23
02:46.2,-2.106099394,8.918401184,1.700681246,-16.70229008,-22.63613232,-13.70229008,23.23
02:46.2,-2.203463595,9.569624036,1.770113094,-12.73282443,-13.54961832,-3.58778626,23.23
02:46.2,-2.21623267,10.16657832,1.821189396,-8.684478372,-6.231552163,4.717557252,23.23
02:46.3,-2.234588216,10.47143999,1.767718892,-3.055979644,-0.017811705,11.27480916,23.23
02:46.3,-2.355894434,11.148201,1.815602926,6.244274809,2.834605598,18.90585242,23.23
02:46.3,-2.447672164,11.07876915,2.189098385,15.70992366,3.641221374,27.3740458,23.23
02:46.4,-2.193886788,9.905610335,2.58653586,21.11195929,9.259541985,29.39440204,23.23
02:46.4,-1.933716874,8.155448922,2.700659473,22.34096692,14.63613232,22.67430025,23.23
02:46.4,-1.877852169,7.562484977,2.600103003,20.94910941,11.00508906,12.34860051,23.22333333
02:46.5,-1.940101412,8.386888416,2.68709233,18.81424936,1.139949109,6.524173028,23.21666667
02:46.5,-1.6823257,8.868921016,2.884214933,13.90839695,-0.491094148,6.809160305,23.23
02:46.5,-1.454876542,8.409234298,2.815581152,9.605597964,11.13994911,7.539440204,23.25
02:46.6,-1.632845532,7.454745903,2.663948381,8.129770992,17.80152672,7.692111959,23.27
02:46.6,-2.031879142,6.967924898,2.633621826,8.89821883,12.22900763,5.239185751,23.25666667
02:46.6,-2.159569897,7.083644645,2.79323527,10.3562341,0.816793893,4.524173028,23.24333333
02:46.7,-2.090936117,7.649474304,2.99993468,11.23664122,-2.717557252,6.68956743,23.23
02:46.7,-2.090138049,8.190563879,3.14917325,11.34605598,3.417302799,10.20356234,23.21666667
02:46.7,-2.311202669,8.633491187,3.209826359,11.40458015,10.86005089,11.28498728,23.20333333
02:46.8,-2.610477877,9.138667737,3.35028619,11.21628499,12.60050891,10.74045802,23.19
02:46.8,-2.825956026,9.607931262,3.54820686,10.03053435,9.786259542,7.692111959,23.19666667
02:46.9,-2.96561779,10.36210479,3.573745011,9.903307888,8.765903308,4.437659033,23.20333333
02:46.9,-3.234566443,11.54803267,3.757300472,9.427480916,5.806615776,4.610687023,23.21
02:46.9,-3.477976945,11.95504696,3.873020219,4.938931298,-2.852417303,6.755725191,23.21666667
02:47.0,-3.465207869,10.70926403,3.60008123,-4.389312977,-18.27735369,3.55216285,23.22333333
02:47.0,-3.046222579,8.770758748,2.846705774,-13.03562341,-34.70992366,-10.21882952,23.23
02:47.0,-2.67831359,7.807491614,2.142012419,-16.72773537,-54.22391858,-23.08142494,23.22333333
02:47.1,-2.474806449,8.216900098,2.017513932,-17.2519084,-68.26208651,-28.29262087,23.21666667
02:47.1,-2.209848132,8.33980245,1.956062756,-18.33333333,-68.38676845,-25.46819338,23.21
02:47.1,-1.940101412,8.099584216,1.746171077,-18.01272265,-52.64631043,-22.37150127,23.21
02:47.2,-1.892217379,7.853779513,1.607307381,-16.80152672,-37.8778626,-19.043257,23.21
02:47.2,-2.094128385,7.910442285,1.449290072,-15.25445293,-34.17048346,-16.06870229,23.21
02:47.2,-2.157973763,8.217698165,1.335166459,-13.95928753,-35.21374046,-13.15267176,23.21
02:47.3,-2.037465613,8.576828414,1.236206124,-11.75826972,-31.44274809,-9.300254453,23.21
02:47.3,-1.985591243,8.935958663,1.293666964,-8.020356234,-21.87531807,-3.468193384,23.21
02:47.3,-2.208251998,9.357338155,1.44689587,-3.569974555,-13.45292621,2.674300254,23.21666667
02:47.4,-2.271299308,9.815428739,1.627259062,-0.44783715,-7.381679389,7.458015267,23.22333333
02:47.4,-2.319183341,10.7635326,1.606509314,4.778625954,-0.788804071,10.19338422,23.24333333
02:47.4,-2.232992082,11.90716292,1.914563261,11.71755725,6.994910941,15.24936387,23.25666667
02:47.5,-2.300029728,11.52568679,2.328760148,18.6259542,14.80661578,17.13486005,23.27
02:47.5,-2.17313704,9.505778658,2.822763757,21.24173028,16.75063613,10.28244275,23.27
02:47.5,-1.968831832,7.437986491,2.918531824,20.04580153,7.730279898,-4.325699746,23.27
02:47.6,-1.722229061,7.249642627,2.726197624,17.6870229,-9.091603053,-14.88549618,23.27
02:47.6,-1.466049483,8.498617826,2.869051656,12.12977099,-17.59033079,-15.93129771,23.25666667
02:47.6,-1.083775285,9.09477404,3.007117285,3.58524173,-5.783715013,-10.68956743,23.24333333
02:47.7,-0.974440076,8.832209924,3.158750057,-4.048346056,17.99491094,-7.234096692,23.23
02:47.7,-1.13405352,7.984662537,3.00871342,-6.348600509,33.50381679,-5.094147583,23.23
02:47.7,-1.606509314,7.410852205,2.952848714,-3.058524173,29.45292621,-3.86259542,23.23
02:47.8,-1.840343009,7.368554643,3.084529806,1.155216285,16.27480916,-0.847328244,23.23
02:47.8,-1.88902511,7.607176742,3.281652409,3.615776081,7.526717557,4.190839695,23.22333333
02:47.8,-2.036667546,8.093199679,3.40774703,4.076335878,8.468193384,7.867684478,23.21666667
02:47.9,-2.364673173,8.85934421,3.505909298,3.24173028,13.44274809,9.977099237,23.21
02:47.9,-2.834734766,9.694920589,3.659936271,0.867684478,17.86259542,8.541984733,23.21
02:47.9,-2.958435185,10.08836773,3.543418457,-1.811704835,23.8956743,4.002544529,23.21
02:48.0,-3.160346191,10.73959058,3.487553752,-2.648854962,25.78371501,1.531806616,23.21
02:48.0,-3.369439803,11.10111503,3.536235852,-3.699745547,19.96692112,2.590330789,23.21666667
02:48.0,-3.429294845,10.72921571,3.444458122,-8.356234097,9.58524173,2.312977099,23.22333333
02:48.1,-3.090116276,9.131485132,2.841119303,-13.82188295,0.178117048,-5.195928753,23.23
02:48.1,-2.55221897,7.862558252,2.134031746,-16.14249364,-7.083969466,-15.02290076,23.23
02:48.1,-2.39420166,7.799510942,1.934514941,-13.43765903,-16.32315522,-18.71755725,23.23
02:48.2,-2.371855778,8.179390938,2.048638554,-11.34860051,-21.7302799,-16.57760814,23.24333333
02:48.2,-2.275289644,8.120333964,1.954466622,-8.928753181,-19.09669211,-12.9389313,23.25666667
02:48.2,-2.111685864,7.845000773,1.885034774,-6.534351145,-12.49109415,-9.580152672,23.27
02:48.3,-1.960053092,7.708531278,1.845131413,-4.221374046,-5.994910941,-5.661577608,23.25666667
02:48.3,-1.979206706,7.988652873,1.956860824,-3.819338422,-1.809160305,-1.709923664,23.24333333
02:48.4,-1.890621244,8.256803459,2.010331327,-4.987277354,4.463104326,1.440203562,23.23
02:48.4,-1.884236707,8.542511523,2.00953326,-5.010178117,10.93638677,4.03562341,23.24333333
02:48.4,-1.971226034,8.983842696,2.086147713,-4.061068702,16.49109415,8.638676845,23.25666667
02:48.5,-2.056619226,9.642248153,2.205857796,-3.145038168,21.88295165,15.13740458,23.27
02:48.5,-2.031879142,10.19291453,2.175531242,-2.170483461,30.22391858,22.15521628,23.25666667
02:48.5,-2.160367965,11.30542024,2.276087712,1.086513995,37.57506361,31.40203562,23.24333333
02:48.6,-2.398191996,11.94147981,2.530671155,4.821882952,43.40203562,41.36386768,23.23
02:48.6,-2.450066366,11.44987041,3.00871342,4.297709924,51.72519084,44.57506361,23.23
02:48.6,-2.150791158,9.338184542,2.939281571,0.216284987,59.42493639,34.65394402,23.23
02:48.7,-2.023100403,7.950345646,2.684698128,-4.491094148,55.24936387,17.10941476,23.23
02:48.7,-2.00394679,8.026960099,2.450066366,-8.839694656,35.88040712,3.48346056,23.24333333
02:48.7,-1.943293681,8.534530851,2.501940735,-14.87022901,20.32824427,-3.531806616,23.25666667
02:48.8,-1.483606962,8.286331946,2.492363928,-20.07888041,24.37659033,-4.778625954,23.27
02:48.8,-1.456472677,7.451553634,2.416547542,-20.38422392,39.28753181,-3.348600509,23.25666667
02:48.8,-1.815602926,6.972713302,2.430114685,-16.08905852,47.30788804,-0.185750636,23.24333333
02:48.9,-2.430114685,6.940790613,2.669534851,-8.888040712,40.08396947,2.651399491,23.22333333
02:48.9,-2.738966699,7.51300481,3.030261235,-2.796437659,27.6259542,5.954198473,23.21666667
02:48.9,-2.817177287,8.203332955,3.402958626,1.061068702,19.75826972,8.424936387,23.21
02:49.0,-2.846705774,8.825027319,3.536235852,2.162849873,19.47582697,7.844783715,23.21
02:49.0,-2.982377201,9.530518742,3.592898625,1.473282443,20.95928753,3.022900763,23.21
02:49.0,-3.021482495,9.951898234,3.292027283,-0.015267176,21.70229008,-4.699745547,23.21
02:49.1,-3.148375183,11.13144159,3.128423503,0.083969466,19.10178117,-9.460559796,23.21666667
02:49.1,-3.042232243,11.26232461,3.161942326,-2.692111959,15.7735369,-8.061068702,23.22333333
02:49.1,-2.917733757,10.34614344,2.960829386,-6.938931298,12.15776081,-8.040712468,23.23
02:49.2,-2.646390902,8.636683455,2.415749475,-11.15267176,4.396946565,-11.48854962,23.21666667
02:49.2,-2.517902079,7.895279008,1.770113094,-9.422391858,-9.06870229,-14.8778626,23.20333333
02:49.2,-2.412557206,8.448339591,1.798843514,-4.946564885,-20.41475827,-10.64631043,23.19
02:49.3,-2.311202669,8.683769421,1.908178723,-3.946564885,-15.55979644,-4.007633588,23.20333333
02:49.3,-2.271299308,8.353369592,1.786872506,-4.681933842,-1.575063613,-2.256997455,23.21666667
02:49.3,-2.406172668,7.864154386,1.588153768,-6.086513995,5.160305344,-4.486005089,23.23
02:49.4,-2.589728129,7.827443294,1.459664945,-5.592875318,0.603053435,-7.933842239,23.23
02:49.4,-2.421335946,8.235255644,1.659979818,-7.361323155,0.188295165,-8.786259542,23.23
02:49.4,-2.022302336,8.590395557,1.503558643,-9.524173028,19.03562341,-6.541984733,23.23
02:49.5,-1.976812504,8.655837069,1.342349064,-9.65648855,45.4605598,-1.82697201,23.23
02:49.5,-2.384624854,8.783527824,1.365493014,-8.089058524,63.54961832,2.776081425,23.23
02:49.5,-3.075751066,9.253589417,1.786872506,-6.272264631,66.69974555,6.572519084,23.23
02:49.6,-3.33592098,9.544883952,2.403778467,-7.913486005,59.68447837,10.73282443,23.23
02:49.6,-3.256912325,9.805851933,2.622448885,-9.681933842,54.98473282,16.16030534,23.23
02:49.6,-3.122038965,10.21925075,2.77328359,-10.49363868,55.3129771,25.52926209,23.22333333
02:49.7,-2.992752075,10.40200815,3.402160559,-17.25445293,67.91094148,31.75318066,23.21666667
02:49.7,-2.849898043,9.505778658,3.201845687,-27.14503817,87.67938931,27.60814249,23.21
02:49.7,-3.179499805,8.470685474,2.972002327,-36.35877863,84.89821883,12.82697201,23.21
02:49.8,-3.353478459,8.662221606,2.306414266,-38.50890585,55.62849873,-2.063613232,23.21
02:49.8,-3.102885352,9.6629979,2.430912752,-39.07379135,22.54961832,-7.150127226,23.21
02:49.8,-2.373451912,9.777121513,2.286462585,-41.31043257,17.38167939,-6.040712468,23.21666667
02:49.9,-2.08135931,8.711701774,1.852314018,-41.12977099,24.05597964,-2.508905852,23.22333333
02:49.9,-2.31678914,7.457938171,1.320003182,-35.12977099,20.02798982,2.185750636,23.23
02:49.9,-2.357490568,6.817888261,1.189120158,-25.12977099,6.099236641,9.82697201,23.22333333
02:50.0,-2.217828805,6.82108053,1.265734611,-14.64885496,2.402035623,20.11959288,23.21666667
02:50.0,-2.251347628,7.141903552,1.559423348,-5.142493639,10.29262087,29.61577608,23.21
02:50.1,-2.560199642,7.605580607,1.849919816,4.48346056,18.94910941,36.60814249,23.20333333
02:50.1,-3.074952999,8.281543542,2.27927998,14.20610687,21.10687023,41.13994911,23.19666667
02:50.1,-3.481967281,8.962294881,2.85069611,21.61577608,15.91857506,43.42239186,23.19
02:50.2,-3.781242489,9.895235461,3.083731738,28.26208651,8.979643766,43.54198473,23.20333333
02:50.2,-4.108450049,11.26392074,3.492342155,32.36641221,-3.488549618,45.55216285,23.21666667
02:50.2,-4.271255762,11.59272444,3.779646354,29.70483461,-18.28498728,45.21882952,23.23
02:50.3,-4.016672319,10.39003714,3.612052238,20.29007634,-33.42239186,36.24173028,23.22333333
02:50.3,-3.488351819,8.634289254,3.077347201,9.51653944,-44.83206107,16.55216285,23.21666667
02:50.3,-3.066972327,8.265582198,2.55780544,-0.03562341,-56.34096692,-3.066157761,23.21
02:50.4,-2.842715438,9.212089921,2.646390902,-10.28753181,-59.37913486,-15.81933842,23.21
02:50.4,-2.409364937,9.501788322,2.503536869,-21.93129771,-46.57251908,-23.04580153,23.21
02:50.4,-2.123656873,9.01416925,2.246559224,-29.55725191,-23.1043257,-30.24173028,23.21
02:50.5,-2.143608553,8.149862451,1.912169059,-32.54198473,-12.15776081,-36.36132316,23.21
02:50.5,-2.363875106,7.817866488,1.723825195,-32.58778626,-19.58524173,-39.89058524,23.21
02:50.5,-2.349509896,7.94076884,1.517125785,-31.09923664,-33.09923664,-38.43002545,23.20333333
02:50.6,-2.045446285,8.269572534,1.540269735,-28.6692112,-34.72773537,-32.10687023,23.19666667
02:50.6,-1.767718892,8.568847742,1.608903516,-25.88804071,-23.88804071,-22.96946565,23.19
02:50.6,-1.698287044,8.999804041,1.740584607,-22.84478372,-10.06870229,-13.31552163,23.19666667
02:50.7,-1.853112085,9.731631681,1.851515951,-21.22900763,-0.165394402,-5.361323155,23.20333333
02:50.7,-1.898601917,10.22403916,1.808420321,-19.92111959,9.254452926,-0.651399491,23.21
02:50.7,-2.077368974,11.30063184,1.789266707,-14.75572519,18,4.96437659,23.20333333
02:50.8,-2.204261662,11.48019696,2.148396956,-8.03307888,26.5648855,12.56997455,23.19666667
02:50.8,-2.0669941,10.40121008,2.510719474,-1.951653944,38.09160305,15.9389313,23.19
02:50.8,-1.911370992,8.18178514,2.646390902,4.213740458,44.11704835,12.17302799,23.19
02:50.9,-2.028686873,7.030972209,2.611275944,10.75318066,31.00763359,5.269720102,23.19
02:50.9,-2.287260653,7.599196069,2.73577443,15.3562341,4.145038168,2.559796438,23.19
02:50.9,-2.027888806,8.126718502,2.998338546,13.40458015,-14.02290076,4.603053435,23.19666667
02:51.0,-1.559423348,7.800309009,2.878628463,10.25954198,-10.79389313,7.694656489,23.20333333
02:51.0,-1.454876542,7.131528678,2.842715438,9.651399491,1.399491094,11.17557252,23.21
02:51.0,-1.94648595,6.872954899,2.748543506,11.45038168,6.837150127,13.82188295,23.21
02:51.1,-2.434903088,7.224902543,2.837927035,14.95165394,4.791348601,16.70483461,23.21
02:51.1,-2.631227625,7.645483968,3.004723083,17.65394402,1.157760814,19.78880407,23.21
02:51.1,-2.581747457,7.799510942,3.22977804,18.40966921,3.226463104,19.29007634,23.21
02:51.2,-2.612872078,8.000623881,3.319161568,16.98473282,7.58778626,14.81170483,23.21
02:51.2,-2.85069611,8.607154968,3.366247534,13.50381679,8.402035623,9.478371501,23.21
02:51.2,-3.056597453,9.653421094,3.12044283,11.72010178,8.62086514,5.557251908,23.21
02:51.3,-3.375026274,11.68210797,3.295219552,10.71755725,10.21119593,6.740458015,23.21
02:51.3,-3.438073584,12.61584661,3.42211224,7.732824427,13.19083969,10.01526718,23.21
02:51.3,-3.638388456,11.93110494,3.35028619,0.809160305,8.318066158,6.712468193,23.21
02:51.4,-3.297613753,9.659805632,2.617660482,-6.076335878,-5.786259542,-6.890585242,23.21
02:51.4,-3.139596444,8.470685474,2.030283008,-9.147582697,-28.80407125,-22.53689567,23.21
02:51.4,-2.768495186,8.868122949,1.981600907,-9.623409669,-48.41475827,-28.93638677,23.21
02:51.5,-2.452460567,9.255185551,2.165156368,-11.5648855,-51.31806616,-27.15012723,23.21
02:51.5,-2.090936117,8.828219588,1.964043429,-12.71755725,-37.91094148,-24.24936387,23.21
02:51.5,-1.938505278,7.967903125,1.703075448,-12.83715013,-24.55979644,-22.28498728,23.21
02:51.6,-2.013523596,7.428409684,1.446097803,-12.0610687,-21.71501272,-20.71246819,23.21
02:51.6,-2.065397965,7.487466659,1.38943503,-11.1653944,-27.31043257,-18.06615776,23.20333333
02:51.6,-2.003148722,7.916826823,1.371079484,-9.351145038,-28.97455471,-12.52671756,23.19666667
02:51.7,-1.932918807,8.342196651,1.456472677,-6.702290076,-24.71755725,-4.519083969,23.19
02:51.7,-2.024696537,8.768364547,1.548250407,-3.687022901,-17.15267176,3.465648855,23.19
02:51.7,-2.053426957,9.403626054,1.77410343,-3.094147583,-10.03816794,10.31552163,23.19
02:51.8,-1.991975781,10.06681991,1.829968136,-4.961832061,1.366412214,13.97201018,23.19
02:51.8,-2.031879142,11.25673814,1.853910152,-5.162849873,16.08396947,17.1475827,23.19
02:51.8,-2.15318536,12.01091166,2.064599898,-3.078880407,30.38167939,21.89312977,23.19
02:51.9,-2.249751493,11.34213133,2.482787122,-0.06870229,41.77608142,25.07124682,23.19
02:51.9,-2.122060738,9.288704374,2.703851742,0.167938931,45.2697201,22.18829517,23.19
02:52.0,-2.13882015,7.686185396,2.545834432,-0.055979644,34.89058524,12.28244275,23.19
02:52.0,-2.141214351,8.195352283,2.438095357,-1.72519084,15.32315522,2.735368957,23.19
02:52.0,-1.834756539,9.262368156,2.55221897,-6.541984733,6.295165394,-1.712468193,23.18333333
02:52.1,-1.46684755,9.31583866,2.554613171,-12.64122137,17.75318066,-2.972010178,23.17666667
02:52.1,-1.443703601,8.358956063,2.284866451,-15.5826972,32.82951654,-3.694656489,23.17666667
02:52.1,-1.76851696,7.352593298,1.97521637,-13.26717557,35.61068702,-5.419847328,23.18333333
02:52.2,-1.875457967,6.936800277,1.832362337,-8.394402036,27.02544529,-4.488549618,23.19
02:52.2,-1.666364355,6.860983891,1.875457967,-2.870229008,23.7913486,0.279898219,23.19666667
02:52.2,-1.486799231,7.193777922,1.995966117,2.066157761,32.7735369,8.666666667,23.20333333
02:52.3,-1.684719902,7.941566907,2.197079057,5.458015267,45.75318066,16.89821883,23.21
02:52.3,-2.039859814,8.968679419,2.268107039,6.65648855,53.30025445,21.54707379,23.20333333
02:52.3,-2.556209306,11.02290444,2.440489559,8.129770992,50.5216285,25.42239186,23.19666667
02:52.4,-2.610477877,12.20803427,2.803610144,-0.651399491,50.78117048,28.06361323,23.19
02:52.4,-2.450066366,11.79064511,2.584141659,-14.82188295,56.27480916,24.29516539,23.17666667
02:52.4,-2.109291663,10.53847764,2.08135931,-33.82442748,66.48346056,8.201017812,23.16333333
02:52.5,-1.838746875,10.45707478,1.388636963,-45.78371501,76.35877863,-8.717557252,23.15
02:52.5,-1.96643763,11.36367915,1.403002173,-55.18066158,89.78880407,-19.4783715,23.16333333
02:52.5,-2.007937126,11.24476713,1.528298726,-61.86768448,103.9083969,-19.92366412,23.17666667
02:52.6,-2.242568888,9.876081848,1.493183769,-65.24936387,108.9287532,-17.72264631,23.19
02:52.6,-2.204261662,8.506598499,1.455674609,-65.18829517,98.18575064,-10.13740458,23.18333333
02:52.6,-2.00953326,7.823452958,1.383050492,-65.90330789,81.65648855,2.633587786,23.17666667
02:52.7,-1.796449312,7.908846151,1.248975199,-67.76081425,75.6437659,20.01526718,23.17
02:52.7,-1.753353682,8.412426567,1.081381083,-70.35368957,82.72519084,37.75826972,23.17666667
02:52.7,-2.14440662,9.01416925,0.960872933,-72.09923664,96.96183206,53.27226463,23.18333333
02:52.8,-2.584141659,9.545682019,0.928950244,-73.60814249,108.5699746,62.44529262,23.19
02:52.8,-2.990357874,10.38285453,0.758961926,-72.95165394,116.4580153,69.35368957,23.19
02:52.8,-3.161942326,10.72362924,0.745394784,-72.38931298,125.9312977,71.79389313,23.19
02:52.9,-2.963223588,10.06043538,0.702299154,-71.17302799,143.6997455,66.12468193,23.18333333
02:52.9,-2.742158968,8.774749084,0.759759993,-67.69465649,160.9440204,54.42493639,23.17666667
02:52.9,-2.934493168,7.86016405,0.893037219,-60.98727735,161.692112,45.40966921,23.17
02:53.0,-3.624023246,7.812280017,1.169168477,-51.10941476,141.5089059,44.50127226,23.18333333
02:53.0,-4.117228788,7.908846151,1.783680237,-42.75063613,116.4452926,49.74554707,23.19666667
02:53.0,-4.012681982,7.781953463,2.233790149,-36.83206107,106.6564885,56.23918575,23.21
02:53.1,-3.899356437,7.691771867,2.534661491,-33.90076336,113.7124682,61.62086514,23.21
02:53.1,-4.158728284,7.78275153,2.618458549,-32.72519084,122.8396947,62.5216285,23.21
02:53.1,-4.750096094,8.006210352,2.711832414,-30.93129771,120.0916031,57.08142494,23.21
02:53.2,-5.094861133,8.13868951,2.901772412,-29.043257,104.3282443,48.26463104,23.20333333
02:53.2,-5.118803149,7.981470268,3.051809049,-26.05343511,85.98982188,38.50890585,23.19666667
02:53.2,-5.017448612,7.670224052,3.003126949,-22.1653944,71.08905852,29.75318066,23.19
02:53.3,-5.050967436,7.651070439,2.87942653,-15.68447837,54.69211196,21.50127226,23.19
02:53.3,-5.188234998,8.468291272,3.159548124,-11.68193384,37.95419847,14.90330789,23.19
02:53.3,-4.900930798,8.562463204,3.376622408,-14.1653944,27.53435115,6.295165394,23.19
02:53.4,-4.390167778,8.011796822,3.326344173,-20.61323155,27.55470738,-5.450381679,23.19
02:53.4,-3.98474963,7.003039856,2.832340564,-24.84223919,29.01526718,-16.27226463,23.19
02:53.4,-4.300784249,7.449957499,2.604093339,-21.8778626,22.86259542,-17.29770992,23.19
02:53.5,-4.689442985,8.250418921,2.852292244,-15.91348601,13.92366412,-9.290076336,23.19
02:53.5,-4.736528951,8.369330937,2.940079639,-10.33333333,8.335877863,-6.083969466,23.19
02:53.5,-4.262477022,7.722896488,2.7876488,-6.315521628,1.254452926,-10.20610687,23.19
02:53.6,-3.928884924,7.212133468,2.524286617,-3.1043257,-8.646310433,-16.64631043,23.19
02:53.6,-3.805982572,7.298324727,2.526680819,0.577608142,-17.63104326,-16.36132316,23.19
02:53.6,-3.938461731,7.76838632,2.790841069,4.384223919,-19.95928753,-11.91857506,23.18333333
02:53.7,-3.963201815,8.317456567,2.960829386,7.557251908,-22.89312977,-7.554707379,23.17666667
02:53.7,-3.981557361,8.703721102,3.007117285,8.888040712,-28.75318066,-7.641221374,23.17
02:53.7,-3.718993245,8.781133622,2.920127958,8.720101781,-35.02035623,-10.35368957,23.19
02:53.8,-3.531447449,8.664615808,2.898580143,6.511450382,-34.92366412,-14.41984733,23.21
02:53.8,-3.375824341,8.533732784,2.837927035,3.34351145,-29.6692112,-16.59287532,23.23
02:53.9,-3.505909298,8.544107658,2.810792749,-0.356234097,-22.57506361,-17.96437659,23.21
02:53.9,-3.707820304,8.620722111,2.844311572,-4.450381679,-16.48346056,-20.00508906,23.19
02:53.9,-3.865837614,8.687759757,2.853888379,-8.938931298,-11.50381679,-22.67430025,23.17
02:54.0,-3.939259798,8.600770431,2.914541488,-13.00508906,-6.888040712,-25.69720102,23.17666667
02:54.0,-3.979163159,8.392474886,2.900974345,-15.24681934,-2.72519084,-27.62340967,23.18333333
02:54.0,-4.102863578,8.097190015,2.984771403,-15.44529262,-0.694656489,-28.12468193,23.19
02:54.1,-4.347870215,7.775568925,2.998338546,-13.63867684,-3.900763359,-27.16030534,23.19666667
02:54.1,-4.407725256,7.514600944,2.960031319,-9.671755725,-11.52417303,-24.24936387,23.20333333
02:54.1,-4.34068761,7.313488005,2.843513505,-5.727735369,-18.87531807,-19.94402036,23.21
02:54.2,-4.322332064,7.256825232,2.833936698,-2.974554707,-23.34605598,-15.13486005,23.20333333
02:54.2,-4.288015173,7.221710274,2.875436194,-2.190839695,-24.56997455,-10.01272265,23.19666667
02:54.2,-4.272053829,7.265603971,2.992752075,-1.778625954,-20.81933842,-5.109414758,23.19
02:54.3,-4.195439376,7.353391366,3.063780058,-1.501272265,-10.53689567,-1.119592875,23.19666667
02:54.3,-4.399744584,7.474697583,3.135606108,-1.48346056,0.646310433,0.743002545,23.20333333
02:54.3,-4.666299036,7.588821195,3.164336528,-1.394402036,5.374045802,0.564885496,23.21
02:54.4,-4.839479622,7.680598926,3.147577116,-1.203562341,4.361323155,-0.712468193,23.20333333
02:54.4,-4.814739539,7.734867497,3.153961654,-0.763358779,2.557251908,-2.488549618,23.19666667
02:54.4,-4.728548279,7.75402111,3.19226888,-0.290076336,1.844783715,-3.702290076,23.19666667
02:54.5,-4.631982145,7.757213379,3.224191569,-0.333333333,1.211195929,-4.236641221,23.20333333
02:54.5,-4.575319373,7.684589262,3.300806022,-0.923664122,0.867684478,-3.816793893,23.21
02:54.5,-4.565742566,7.646282035,3.406948962,-2.218829517,1.972010178,-3.249363868,23.20333333
02:54.6,-4.770047774,7.576850187,3.526659045,-3.715012723,4.226463104,-3.529262087,23.19666667
02:54.6,-5.004679537,7.535350692,3.626417448,-5.821882952,5.732824427,-5.75826972,23.19
02:54.6,-5.176263989,7.445169096,3.699041565,-8.264631043,5.249363868,-9.091603053,23.19
02:54.7,-5.133168359,7.227296745,3.728570052,-10.87531807,3.832061069,-11.91603053,23.19
02:54.7,-5.050169368,7.074865906,3.692657027,-12.87531807,3.480916031,-12.97201018,23.19
02:54.7,-4.969564579,6.903281453,3.662330473,-13.76590331,4.396946565,-11.95419847,23.18333333
02:54.8,-4.924872815,6.900887252,3.661532406,-13.52671756,5.72519084,-9.798982188,23.17666667
02:54.8,-4.947218697,6.924031201,3.726973918,-12.34351145,5.473282443,-7.256997455,23.17
02:54.8,-4.999891134,7.007828259,3.747723665,-11.17048346,4.045801527,-5.608142494,23.17666667
02:54.9,-5.096457267,7.144297754,3.819549715,-10.35368957,2.384223919,-4.921119593,23.18333333
02:54.9,-5.082890125,7.149884224,3.829924589,-10.17557252,1.160305344,-4.615776081,23.19
02:54.9,-5.096457267,7.073269771,3.861847278,-9.875318066,0.195928753,-4.8956743,23.19
02:55.0,-5.049371301,6.7779849,3.7493198,-9.419847328,-1.259541985,-4.226463104,23.19
02:55.0,-5.042986764,6.567295154,3.767675346,-8.847328244,-2.038167939,-3.300254453,23.19
02:55.0,-5.050169368,6.430027592,3.730964254,-8.788804071,-1.442748092,-2.002544529,23.19
02:55.1,-5.130774158,6.441200533,3.833116858,-9.478371501,0.893129771,-1.027989822,23.19
02:55.1,-5.256070711,6.529785994,3.850674337,-10.6692112,3.62086514,-0.852417303,23.19
02:55.1,-5.387751803,6.587246834,3.877808622,-11.78880407,5.8956743,-0.956743003,23.19
02:55.2,-5.485914071,6.617573389,3.851472404,-11.96437659,6.145038168,-1.867684478,23.19
02:55.2,-5.511452222,6.545747339,3.829126522,-11.03562341,4.743002545,-2.628498728,23.19
02:55.2,-5.492298608,6.47072902,3.858655009,-9.613231552,2.608142494,-2.969465649,23.19
02:55.3,-5.452395247,6.410075911,3.971182487,-8.338422392,1.038167939,-3.025445293,23.19
02:55.3,-5.463568188,6.373364819,4.108450049,-7.740458015,0.600508906,-2.763358779,23.19666667
02:55.3,-5.4803276,6.403691374,4.184266435,-7.24173028,0.557251908,-1.944020356,23.20333333
02:55.4,-5.553749784,6.484296163,4.28322677,-7.27735369,1.020356234,-1.503816794,23.21
02:55.4,-5.575297599,6.551333809,4.348668282,-7.351145038,0.786259542,-1.142493639,23.19666667
02:55.4,-5.663084993,6.583256498,4.448426685,-8.244274809,0.190839695,-1.608142494,23.18333333
02:55.5,-5.641537179,6.528987927,4.443638281,-9.44783715,-0.885496183,-2.417302799,23.17
02:55.5,-5.639941044,6.440402466,4.386975509,-10.94402036,-2.145038168,-3.595419847,23.17666667
02:55.5,-5.522625163,6.325480786,4.341485677,-11.91857506,-3.31043257,-4.498727735,23.18333333
02:55.6,-5.430847432,6.189011292,4.280034501,-12.43002545,-4.419847328,-4.697201018,23.19
02:55.6,-5.291983736,6.090849023,4.174689628,-12.22900763,-4.760814249,-4.399491094,23.19666667
02:55.6,-5.220955754,6.034186251,4.136382402,-11.48854962,-4.34605598,-3.605597964,23.20333333
02:55.7,-5.228138359,6.062118604,4.126007528,-10.20610687,-3.506361323,-2.463104326,23.21
02:55.7,-5.260859115,6.061320536,4.179478031,-8.674300254,-2.82697201,-1.063613232,23.20333333
02:55.8,-5.321512223,6.106810368,4.173891561,-6.852417303,-2.501272265,-0.048346056,23.19666667
02:55.8,-5.349444576,6.119579443,4.288015173,-4.997455471,-2.715012723,0.287531807,23.19
02:55.8,-5.423664827,6.161877006,4.306370719,-3.96437659,-4.178117048,-0.188295165,23.19
02:55.9,-5.418876424,6.118781376,4.350264417,-2.801526718,-6.994910941,-0.880407125,23.19
02:55.9,-5.410895752,6.099627763,4.284822904,-2.086513995,-9.157760814,-1.623409669,23.19
02:55.9,-5.349444576,6.005455831,4.371812231,-1.012722646,-8.870229008,-1.394402036,23.19
02:56.0,-5.361415584,5.895322555,4.423686601,-0.65394402,-5.134860051,-0.590330789,23.19
02:56.0,-5.426857096,5.718151632,4.457205424,-0.188295165,-0.239185751,-0.076335878,23.18333333
02:56.0,-5.601633818,5.673459867,4.45560929,0.531806616,3.409669211,-0.564885496,23.17666667
02:56.1,-5.829881042,5.62956617,4.529829541,1.41221374,5.636132316,-2.386768448,23.17
02:56.1,-6.187415157,5.679844405,4.66789517,2.043256997,6.959287532,-5.559796438,23.17666667
02:56.1,-6.540958936,5.684632808,4.844268026,1.541984733,7.384223919,-11.40966921,23.18333333
02:56.2,-6.804321118,5.636748775,4.880181051,0.315521628,6.027989822,-19.03562341,23.19
02:56.2,-6.839436076,5.506663818,4.896940462,-1.183206107,3.27735369,-27.17557252,23.19666667
02:56.2,-6.819484395,5.268839787,4.809951135,-2.44783715,0.669211196,-34.72010178,23.20333333
02:56.3,-6.739677673,4.939238025,4.694231388,-3.015267176,-2.048346056,-40.78880407,23.21
02:56.3,-6.813897925,4.678270044,4.625597607,-3.221374046,-4.053435115,-45.00763359,23.21
02:56.3,-7.065289099,4.537810213,4.683856514,-3.180661578,-6.287531807,-46.65394402,23.21
02:56.4,-7.367756576,4.453215088,4.820326009,-2.918575064,-7.880407125,-48.3740458,23.21
02:56.4,-7.637503296,4.496310718,4.940834159,-3.526717557,-9.572519084,-50.85496183,23.21
02:56.4,-7.959124386,4.284024837,4.833893152,-4.236641221,-11.94402036,-55.75063613,23.21
02:56.5,-8.173804468,4.008691646,4.823518278,-5.709923664,-14.1221374,-63.2519084,23.21
02:56.5,-7.873731193,3.549004928,4.628789876,-7.111959288,-14,-70.99491094,23.20333333
02:56.5,-7.202556661,3.29282535,4.407725256,-7.440203562,-9.114503817,-72.76335878,23.19666667
02:56.6,-6.913656327,3.334324845,4.201823914,-6.982188295,-0.282442748,-68.43002545,23.18333333
02:56.6,-7.07087557,3.444458122,4.006297445,-5.941475827,12.77608142,-63.4173028,23.17666667
02:56.6,-7.438784558,3.414131567,3.817155514,-2.875318066,22.78117048,-60.91348601,23.17
02:56.7,-7.387708256,3.145182914,3.439669718,2.185750636,27.32569975,-59.90330789,23.18333333
02:56.7,-7.174624308,2.784456531,3.228181905,10.96692112,28.80407125,-53.46564885,23.19666667
02:56.7,-6.895300781,2.613670146,3.090914343,18.31043257,31.53435115,-40.05343511,23.21
02:56.8,-7.433198088,2.56658418,3.050212915,24.26717557,34.8346056,-24.9389313,23.21666667
02:56.8,-8.000623881,2.220223006,3.102885352,27.2519084,26.52417303,-15.34605598,23.22333333
02:56.8,-8.334215979,1.875457967,3.259306527,30.5648855,13.15267176,-11.69720102,23.23
02:56.9,-7.955932117,1.592144104,3.376622408,33.7735369,-0.857506361,-7.127226463,23.21666667
02:56.9,-7.785145732,1.714248389,3.473986609,36.49363868,-7.613231552,-0.615776081,23.20333333
02:56.9,-7.80270321,1.933716874,3.70622417,34.61323155,-14.33842239,2.890585242,23.19
02:57.0,-7.730877161,2.02389847,3.96160568,29.30788804,-17.35114504,3.417302799,23.18333333
02:57.0,-7.615955481,2.134031746,4.137180469,22.63867684,-14.96692112,4.361323155,23.17666667
02:57.0,-7.883308,2.229001746,4.103661646,17.80916031,-6.391857506,6.521628499,23.17
02:57.1,-8.401253625,2.380634517,4.248111812,15.96437659,1.582697201,6.055979644,23.17
02:57.1,-8.761181942,2.324769812,4.271255762,15.7735369,-0.389312977,0.750636132,23.17
02:57.1,-8.485050684,2.122060738,4.011085848,19.23918575,-8.145038168,-6.526717557,23.17
02:57.2,-7.965508923,2.189098385,3.742137195,23.59033079,-14.76844784,-11.62086514,23.18333333
02:57.2,-7.809087748,2.446874097,3.649561397,28.32569975,-17.91857506,-12.29007634,23.19666667
02:57.2,-7.789136068,2.984771403,3.842693665,30.50381679,-18.2697201,-6.982188295,23.21
02:57.3,-7.882509932,3.316767367,3.853068538,29.57251908,-16.72773537,0.180661578,23.21
02:57.3,-8.016585225,3.408545097,3.726973918,26.5394402,-11.99745547,2.063613232,23.21
02:57.3,-8.040527242,3.127625435,3.589706356,22.34351145,-8.590330789,-2.007633588,23.21
02:57.4,-8.030950435,2.732582161,3.433285181,18.26463104,-8.715012723,-6.954198473,23.21
02:57.4,-7.82584716,2.477200651,3.386199215,14.97964377,-9.297709924,-8.145038168,23.21
02:57.4,-7.809087748,2.351904097,3.169922998,12.44783715,-6.666666667,-6.244274809,23.21
02:57.5,-7.779559261,2.260924434,3.236162577,12.09414758,-6.353689567,-4.926208651,23.20333333
02:57.5,-7.467514978,2.366269307,3.197855351,12.92620865,-4.641221374,-2.183206107,23.19666667
02:57.6,-7.582436658,2.613670146,3.538630054,13.7480916,-0.470737913,-0.781170483,23.19
02:57.6,-7.81706842,2.861869051,3.599283162,12.28498728,5.684478372,-0.139949109,23.19
02:57.6,-8.093997746,3.063780058,3.711012573,8.768447837,11.32061069,-0.264631043,23.19
02:57.7,-8.283937744,3.078943335,3.619234843,4.804071247,14.75063613,-0.045801527,23.19
02:57.7,-8.666211943,3.070164596,3.651955599,0.732824427,17.03053435,-2.475826972,23.19
02:57.7,-9.093975972,2.920127958,3.607263835,-4.292620865,14.65903308,-8.567430025,23.19
02:57.8,-8.907228243,2.79323527,3.476380811,-10.46564885,9.709923664,-15.6437659,23.19666667
02:57.8,-8.459512533,2.541844096,3.16353846,-14.21119593,9.111959288,-18.06870229,23.20333333
02:57.8,-8.534530851,2.387019055,2.961627454,-15.07888041,10.17557252,-17.11450382,23.21
02:57.9,-8.840988664,2.263318636,2.861869051,-13.17302799,10.08651399,-16.83969466,23.20333333
02:57.9,-8.912016646,2.252145695,2.869051656,-10.86768448,7.819338422,-16.81933842,23.19666667
02:57.9,-8.75878774,2.161964099,2.889003337,-8.41475827,8.264631043,-16.50127226,23.19
02:58.0,-8.657433203,1.987985445,2.967213924,-7.557251908,9.012722646,-14.62086514,23.19
02:58.0,-8.86493068,1.735796204,2.944069975,-8.218829517,7.178117048,-13.956743,23.19
02:58.0,-8.811460177,1.470837887,2.786052665,-9.254452926,3.842239186,-14.18575064,23.19
02:58.1,-8.821036983,1.186725956,2.662352246,-9.368956743,1.86259542,-13.49872774,23.19666667
02:58.1,-8.800287236,1.046266125,2.594516532,-8.984732824,2.699745547,-13.43002545,23.20333333
02:58.1,-8.858546143,0.877075875,2.573766785,-8.773536896,4.435114504,-12.89058524,23.21
02:58.2,-8.772354883,0.723048901,2.504334937,-8.806615776,5.402035623,-13.38167939,23.21666667
02:58.2,-8.708509505,0.596954281,2.516305945,-8.979643766,7.124681934,-13.48346056,23.22333333
02:58.2,-8.706913371,0.50517655,2.564189978,-9.384223919,7.040712468,-13.61832061,23.21666667
02:58.3,-8.71569211,0.533108903,2.656765776,-10.3307888,6.109414758,-13.76081425,23.20333333
02:58.3,-8.61513564,0.547474113,2.738168632,-11.77099237,4.185750636,-12.73536896,23.19
02:58.3,-8.4603106,0.569021928,2.818773421,-14.05343511,4.147582697,-10.6870229,23.19666667
02:58.4,-8.376513542,0.551464449,2.819571488,-16.50381679,5.218829517,-7.539440204,23.20333333
02:58.4,-8.520963708,0.545079911,2.782860396,-17.84223919,4.13740458,-4.541984733,23.21
02:58.4,-8.600770431,0.533108903,2.742158968,-18.15521628,1.368956743,-2.122137405,23.21666667
02:58.5,-8.769162614,0.526724365,2.687890397,-17.09160305,0.06870229,-0.768447837,23.22333333
02:58.5,-8.867324882,0.42776403,2.65836191,-15.67938931,-0.847328244,-0.440203562,23.23
02:58.5,-8.976660091,0.336784367,2.648785103,-13.62086514,-2.050890585,-0.776081425,23.22333333
02:58.6,-8.933564461,0.251391174,2.669534851,-11.3562341,-3.987277354,-1.854961832,23.21666667
02:58.6,-8.780335555,0.24979504,2.750937708,-9.824427481,-4.699745547,-2.307888041,23.21
02:58.6,-8.676586816,0.256179578,2.769293254,-9.185750636,-4.363867684,-2.318066158,23.21
02:58.7,-8.677384884,0.280121594,2.776475859,-9.129770992,-3.633587786,-1.702290076,23.21
02:58.7,-8.68137522,0.265756384,2.694274935,-8.987277354,-3.951653944,-1.335877863,23.21
02:58.7,-8.710903707,0.282515796,2.584939726,-8.290076336,-3.096692112,-0.928753181,23.21666667
02:58.8,-8.818642782,0.259371847,2.546632499,-7.290076336,-2.061068702,-1.320610687,23.22333333
02:58.8,-8.889670764,0.257775712,2.54344023,-6.211195929,-1.03307888,-1.994910941,23.23
02:58.8,-8.840190597,0.213083948,2.605689473,-5.234096692,-0.781170483,-2.631043257,23.22333333
02:58.9,-8.739634127,0.173180587,2.653573507,-4.267175573,-0.768447837,-2.478371501,23.21666667
02:58.9,-8.680577153,0.154026973,2.650381238,-3.508905852,-0.788804071,-2.147582697,23.21
02:58.9,-8.694144295,0.175574788,2.70704401,-3.025445293,-0.715012723,-1.305343511,23.21
02:59.0,-8.726066984,0.195526469,2.722207288,-3.055979644,-0.117048346,-0.541984733,23.21
02:59.0,-8.788316227,0.271342855,2.763706783,-3.328244275,0.628498728,0.297709924,23.21
02:59.0,-8.809065975,0.301669409,2.742158968,-3.832061069,1.145038168,0.330788804,23.21666667
02:59.1,-8.854555806,0.35035151,2.714226615,-4.295165394,1.473282443,0.315521628,23.22333333
02:59.1,-8.841786731,0.339178569,2.715024683,-5.13740458,1.524173028,0.081424936,23.23
02:59.1,-8.856950008,0.354341846,2.676717456,-6.244274809,1.175572519,0.82697201,23.23
02:59.2,-8.781931689,0.440533105,2.75013964,-7.992366412,0.676844784,1.641221374,23.23
02:59.2,-8.688557825,0.48522487,2.747745439,-9.900763359,0.977099237,3.417302799,23.23
02:59.2,-8.685365556,0.524330164,2.759716447,-11.58778626,1.712468193,4.75826972,23.23
02:59.3,-8.784325891,0.466071257,2.694274935,-12.9389313,1.404580153,5.994910941,23.23
02:59.3,-8.876901689,0.411802686,2.666342582,-13.60814249,0.521628499,6.536895674,23.22333333
02:59.3,-8.926381856,0.335188232,2.607285608,-14.07633588,-0.641221374,6.778625954,23.21666667
02:59.4,-8.846575134,0.274535124,2.559401575,-14.46310433,-1.432569975,6.867684478,23.21
02:59.4,-8.810662109,0.214680082,2.477200651,-15.12468193,-1.755725191,6.806615776,23.21
02:59.4,-8.829815723,0.174776721,2.430114685,-15.78880407,-1.34605598,6.526717557,23.21
02:59.5,-8.904834041,0.160411511,2.37983645,-16.27989822,-0.768447837,5.814249364,23.21
02:59.5,-8.925583789,0.194728402,2.386220988,-17.043257,-0.539440204,5.096692112,23.21
02:59.5,-8.928776058,0.25538151,2.380634517,-17.76844784,0.007633588,4.486005089,23.21
02:59.6,-8.961496814,0.306457813,2.425326282,-18.48091603,0.872773537,4.374045802,23.21
02:59.6,-8.967881352,0.352745711,2.4516625,-18.90076336,1.096692112,4.150127226,23.21666667
02:59.6,-8.897651436,0.363918652,2.508325273,-19.19847328,1.203562341,4.608142494,23.22333333
02:59.7,-8.878497823,0.446119576,2.592122331,-19.34096692,1.203562341,5.142493639,23.23
02:59.7,-8.90243984,0.444523442,2.632025692,-19.50127226,1.272264631,5.972010178,23.23
02:59.7,-8.941545133,0.395841341,2.691880733,-20.08651399,0.180661578,6,23.23
02:59.8,-8.834604126,0.22665109,2.596910734,-20.97455471,-0.765903308,5.979643766,23.23
02:59.8,-8.789912362,0.086989327,2.58094939,-22.12722646,-0.353689567,6.13740458,23.23
02:59.8,-8.897651436,-0.064643445,2.470018046,-22.56234097,1.025445293,6.17302799,23.23
02:59.9,-8.756393538,-0.122902352,2.366269307,-23.04071247,2.134860051,7.195928753,23.23
02:59.9,-8.833007992,-0.082998991,2.200271326,-21.95928753,2.526717557,7.562340967,23.23
02:59.9,-8.75878774,0.063845378,2.206655863,-21.33842239,1.781170483,7.636132316,23.23
03:00.0,-8.872113285,0.116517814,2.281674182,-20.63867684,0.750636132,7.201017812,23.23
03:00.0,-8.789912362,0.05746084,2.38861519,-20.65648855,0.68956743,7.567430025,23.23
03:00.1,-8.943141268,-0.027134285,2.333548551,-19.52671756,2.043256997,7.55216285,23.23
03:00.1,-9.251993282,-0.055864705,2.339933089,-17.08905852,2.188295165,6.020356234,23.23
03:00.1,-9.37888597,0.004788403,2.357490568,-14.48854962,-0.295165394,3.279898219,23.23
03:00.2,-9.122706392,0.052672437,2.406970736,-12.16284987,-2.020356234,1.753180662,23.23
03:00.2,-8.884882361,0.080604789,2.405374601,-10.25445293,-1.465648855,1.328244275,23.23
03:00.2,-8.825027319,0.063845378,2.416547542,-8.188295165,0.030534351,1.488549618,23.22333333
03:00.3,-8.925583789,0.021547815,2.398191996,-6.305343511,-0.129770992,1.659033079,23.21666667
03:00.3,-8.959102612,-0.003990336,2.407768803,-4.557251908,-1.491094148,0.890585242,23.21
03:00.3,-8.90243984,-0.026336218,2.387817122,-3.048346056,-1.55216285,0.305343511,23.21666667
03:00.4,-8.910420512,-0.031124622,2.410961072,-1.071246819,-1.371501272,-0.526717557,23.22333333
03:00.4,-8.958304545,0.069431848,2.416547542,1.122137405,-1.513994911,-0.96437659,23.23
03:00.4,-8.943141268,0.150834705,2.454056702,2.323155216,-2.279898219,-1.424936387,23.23
03:00.5,-8.904834041,0.270544788,2.473210315,3.394402036,-2.796437659,-1.595419847,23.23
03:00.5,-8.903237907,0.397437476,2.493161995,3.541984733,-3.086513995,-1.394402036,23.23
03:00.5,-8.996611772,0.598550415,2.493960063,3.417302799,-3.872773537,-1.325699746,23.23
03:00.6,-8.90802631,0.725443103,2.482787122,1.888040712,-4.348600509,-0.65648855,23.23
03:00.6,-8.819440849,0.678357137,2.456450903,0.465648855,-4.251908397,1.020356234,23.23
03:00.6,-8.749210933,0.566627726,2.418941744,-0.419847328,-3.717557252,3.167938931,23.23
03:00.7,-8.805873706,0.47085966,2.383028719,-1.72264631,-3.272264631,4.648854962,23.23
03:00.7,-8.833007992,0.430956299,2.371057711,-4.223918575,-3.269720102,5.692111959,23.22333333
03:00.7,-8.833007992,0.391052938,2.320779476,-7.511450382,-2.007633588,6.376590331,23.21666667
03:00.8,-8.898449504,0.378283862,2.315193005,-10.68956743,-1.152671756,6.633587786,23.21
03:00.8,-8.915208915,0.400629744,2.385422921,-13.95165394,-0.119592875,6.183206107,23.23666667
03:00.8,-9.018159587,0.357534115,2.497950399,-17.61832061,0.926208651,4.969465649,23.26333333
03:00.9,-9.019755721,0.296082939,2.590526196,-21.29262087,1.325699746,3.786259542,23.29
03:00.9,-9.026140259,0.198718738,2.53785376,-23.51399491,1.804071247,2.842239186,23.28333333
03:00.9,-8.972669755,0.173978654,2.422134013,-23.59541985,0.954198473,2.44783715,23.27666667
03:01.0,-8.919997319,0.142854032,2.330356283,-21.7735369,0.094147583,2.1043257,23.27
03:01.0,-8.857748075,0.090979663,2.242568888,-18.96692112,-0.440203562,2.022900763,23.27
03:01.0,-8.856950008,0.044691764,2.282472249,-16.14503817,-1.145038168,2.17302799,23.27
03:01.1,-8.908824377,-0.023143949,2.307212333,-14.11704835,-0.844783715,2.470737913,23.27
03:01.1,-8.982246562,-0.056662773,2.372653845,-12.72010178,-1.10178117,2.272264631,23.27
03:01.1,-8.969477486,-0.041499495,2.41734561,-11.89821883,-0.910941476,2.323155216,23.27
03:01.2,-9.001400175,-0.05746084,2.411759139,-10.54198473,-0.37913486,1.908396947,23.27666667
03:01.2,-8.985438831,-0.094969999,2.426922416,-8.888040712,-0.613231552,1.58524173,23.28333333
03:01.2,-9.001400175,-0.177170923,2.36547124,-6.460559796,-1.022900763,0.521628499,23.29
03:01.3,-8.957506478,-0.199516805,2.38861519,-4.06870229,-1.880407125,-0.422391858,23.28333333
03:01.3,-9.001400175,-0.180363192,2.398191996,-1.977099237,-2.195928753,-1.356234097,23.27666667
03:01.3,-8.962294881,-0.165199915,2.459643172,-0.493638677,-2.292620865,-2.300254453,23.27
03:01.4,-8.898449504,-0.136469495,2.450066366,0.674300254,-2.302798982,-2.659033079,23.25666667
03:01.4,-8.825825387,-0.125296554,2.484383256,1.577608142,-1.600508906,-2.916030534,23.24333333
03:01.4,-8.87929589,-0.12928689,2.468421912,2.376590331,-0.969465649,-2.933842239,23.23
03:01.5,-8.921593453,-0.07741252,2.5003446,2.888040712,-0.687022901,-3.180661578,23.24333333
03:01.5,-8.960698747,-0.033518823,2.442085693,3.315521628,-0.974554707,-3.297709924,23.25666667
03:01.5,-8.962294881,0.043893697,2.438893424,3.811704835,-1.022900763,-3.323155216,23.27
03:01.6,-8.984640763,0.037509159,2.391009391,4.506361323,-1.918575064,-3.501272265,23.27666667
03:01.6,-8.892064966,-0.002394202,2.387817122,5.760814249,-2.142493639,-2.93129771,23.28333333
03:01.6,-8.848969336,-0.082200924,2.353500232,7.287531807,-2.193384224,-2.086513995,23.29
03:01.7,-8.868921016,-0.052672437,2.393403593,8.547073791,-1.590330789,-1.048346056,23.27
03:01.7,-8.951920007,-0.002394202,2.414951408,8.903307888,-1.847328244,-0.569974555,23.25
03:01.7,-8.884084294,0.033518823,2.446874097,8.681933842,-2.307888041,-0.648854962,23.23
03:01.8,-8.85934421,-0.024740084,2.466825777,8.249363868,-2.333333333,-0.694656489,23.24333333
03:01.8,-8.912016646,-0.009576807,2.467623844,7.969465649,-2.061068702,-1.246819338,23.25666667
03:01.8,-8.999804041,-0.025538151,2.479594853,7.562340967,-2.348600509,-1.669211196,23.27
03:01.9,-8.923987655,-0.004788403,2.48039292,7.073791349,-2.524173028,-2.134860051,23.27666667
03:01.9,-8.880093958,-0.036711092,2.516305945,6.402035623,-2.603053435,-2.575063613,23.28333333
03:01.9,-8.869719084,0.011172941,2.502738802,5.674300254,-2.648854962,-2.829516539,23.29
03:02.0,-8.915208915,0.027932353,2.452460567,4.918575064,-3.193384224,-2.755725191,23.28333333
03:02.0,-8.904834041,0.064643445,2.461239307,4.094147583,-3.697201018,-2.605597964,23.27666667
03:02.0,-8.872113285,0.059056974,2.512315609,3.297709924,-3.27735369,-2.086513995,23.27
03:02.1,-8.845777067,0.088585461,2.54344023,2.572519084,-2.511450382,-1.419847328,23.28333333
03:02.1,-9.000602108,0.138863696,2.597708801,1.402035623,-0.837150127,-1.361323155,23.29666667
03:02.1,-8.926381856,-0.026336218,2.489969727,0.834605598,-1.849872774,-2.325699746,23.29666667
03:02.2,-8.714894043,-0.053470504,2.424528215,1.595419847,-2.251908397,-1.562340967,23.28333333
03:02.2,-8.551290263,-0.116517814,2.35988477,3.783715013,-2.875318066,0.175572519,23.27
03:02.2,-8.737239925,0.020749748,2.446076029,5.847328244,-1.422391858,2.178117048,23.27666667
03:02.3,-9.055668746,0.007980672,2.493960063,7.302798982,-1.091603053,1.03307888,23.28333333
03:02.3,-9.00858278,0.008778739,2.487575525,8.050890585,-1.03562341,-0.203562341,23.29
03:02.3,-8.983044629,0.051076302,2.48039292,8.086513995,-1.178117048,-1.338422392,23.29
03:02.4,-8.944737402,0.047085966,2.50912334,7.216284987,-1.356234097,-1.534351145,23.29
03:02.4,-9.021351855,0.031922689,2.53785376,6.178117048,-1.506361323,-2.20610687,23.29
03:02.4,-9.089187569,0.062249243,2.55221897,5.335877863,-1.79389313,-3.160305344,23.28333333
03:02.5,-8.619125977,0.22106462,2.502738802,4.129770992,-1.491094148,-0.618320611,23.27666667
03:02.5,-8.677384884,0.351947644,2.489171659,3.127226463,-0.292620865,2.625954198,23.27
03:02.5,-8.584011019,0.394245207,2.492363928,1.773536896,-0.908396947,5.86259542,23.27666667
03:02.6,-8.911218579,0.238622099,2.521892415,0.755725191,-0.811704835,6.055979644,23.28333333
03:02.6,-8.912814714,0.102950671,2.469219979,-0.674300254,-1.404580153,5.155216285,23.29
03:02.6,-8.992621436,-0.016759412,2.448470231,-2.312977099,-1.175572519,3.702290076,23.29
03:02.7,-9.090783704,-0.020749748,2.468421912,-4.325699746,-2.1043257,1.590330789,23.29
03:02.7,-9.026938326,0.066239579,2.48597939,-6.142493639,-3.452926209,-0.094147583,23.29
03:02.8,-8.880093958,0.207497477,2.483585189,-7.473282443,-3.442748092,-0.470737913,23.28333333
03:02.8,-8.838594462,0.313640417,2.459643172,-7.659033079,-1.628498728,0.557251908,23.27666667
03:02.8,-8.877699756,0.281717729,2.508325273,-7.127226463,0.541984733,2.022900763,23.27666667
03:02.9,-8.999005973,0.171584452,2.604891406,-5.806615776,1.58524173,3.244274809,23.28333333
03:02.9,-9.083601099,0.112527478,2.766100985,-4.513994911,0.811704835,2.905852417,23.29
03:02.9,-9.041303536,0.01436521,2.864263253,-3.559796438,-1.564885496,2.488549618,23.28333333
03:03.0,-8.997409839,-0.044691764,2.868253589,-3.094147583,-3.430025445,1.997455471,23.27666667
03:03.0,-8.938352865,-0.150834705,2.889801404,-3.34351145,-6.078880407,1.765903308,23.27
03:03.0,-8.868122949,-0.098162268,2.920127958,-4.702290076,-7.549618321,1.389312977,23.27666667
03:03.1,-8.743624463,-0.10055647,2.875436194,-6.366412214,-7.737913486,1.287531807,23.28333333
03:03.1,-8.760383875,-0.096566134,2.805206278,-7.781170483,-8.949109415,0.727735369,23.29
03:03.1,-8.691750094,-0.169988318,2.844311572,-9.091603053,-8.933842239,0.290076336,23.28333333
03:03.2,-8.735643791,-0.268948653,2.929704765,-10.90839695,-7.381679389,-1.145038168,23.27666667
03:03.2,-8.722076648,-0.308852014,3.011107621,-13.2264631,-4.959287532,-2.262086514,23.27
03:03.2,-8.756393538,-0.37908193,2.96561779,-14.56997455,-3.089058524,-3.768447837,23.27666667
03:03.3,-8.647058329,-0.261766048,3.035049638,-14.00508906,-1.684478372,-5.147582697,23.28333333
03:03.3,-8.555280599,-0.281717729,3.074154932,-12.6259542,0.595419847,-6.41221374,23.29
03:03.3,-8.16741993,-0.215478149,3.13480804,-11.11450382,3.470737913,-5.849872774,23.29666667
03:03.4,-8.162631527,-0.37030319,3.047818713,-9.834605598,8.073791349,-5.147582697,23.30333333
03:03.4,-8.240044047,-0.49959008,2.878628463,-7.41221374,11.91603053,-5.811704835,23.31
03:03.4,-8.549694128,-0.674366801,2.76450485,-4.127226463,11.33333333,-7.872773537,23.29666667
03:03.5,-8.593587826,-0.770134867,2.711832414,0.312977099,9.226463104,-8.124681934,23.28333333
03:03.5,-8.840988664,-0.685539742,2.756524178,5.099236641,7.127226463,-6.572519084,23.27
03:03.5,-9.034120931,-0.593762012,2.719015019,9.839694656,8.201017812,-6.24173028,23.27
03:03.6,-9.073226225,-0.4333505,2.652775439,13.1221374,7.643765903,-7.44783715,23.27
03:03.6,-8.943141268,-0.395043274,2.510719474,15.21882952,8.305343511,-9.692111959,23.27
03:03.6,-9.021351855,-0.371899325,2.38861519,16.18320611,6.363867684,-11.56234097,23.28333333
03:03.7,-9.021351855,-0.272140922,2.510719474,14.9389313,3.302798982,-13.04580153,23.29666667
03:03.7,-8.797094967,-0.221862687,2.630429557,11.04834606,0.997455471,-12.52671756,23.31
03:03.7,-8.693346228,-0.237025964,2.607285608,6.513994911,2.684478372,-10.76335878,23.31
03:03.8,-8.771556816,-0.36471672,2.3080104,3.41221374,3.463104326,-8.659033079,23.31
03:03.8,-8.880892025,-0.339976636,2.130839478,1.877862595,2.798982188,-7.577608142,23.31
03:03.8,-8.868122949,-0.302467476,2.096522587,0.524173028,1.781170483,-7.142493639,23.30333333
03:03.9,-8.844979,-0.339178569,2.037465613,-1.005089059,1.180661578,-6.37913486,23.29666667
03:03.9,-8.722874715,-0.44212924,2.109291663,-3.368956743,-2.1043257,-2.913486005,23.29
03:03.9,-8.690153959,-0.610521423,2.083753512,-6.796437659,-3.75826972,3.564885496,23.29
03:04.0,-8.805873706,-0.797269153,1.977610571,-8.880407125,-0.066157761,10.04580153,23.29
03:04.0,-9.149042611,-1.217850578,1.629653263,-6.908396947,3.549618321,12.98473282,23.29666667
03:04.0,-9.336588407,-1.470039819,1.516327718,-1.394402036,3.697201018,11.78117048,23.30333333
03:04.1,-9.296685046,-1.612893852,1.734200069,4.073791349,0.022900763,8.580152672,23.31
03:04.1,-9.034120931,-1.541865869,1.955264689,7.305343511,-1.539440204,5.478371501,23.31
03:04.1,-8.80188337,-1.572990491,2.007937126,9.096692112,-2.488549618,3.297709924,23.31
03:04.2,-8.643067993,-1.559423348,1.974418302,9.676844784,-4.37913486,2.111959288,23.31
03:04.2,-8.689355892,-1.502760575,2.020706201,9.012722646,-5.272264631,1.641221374,23.30333333
03:04.2,-8.878497823,-1.406194442,2.122060738,7.330788804,-5.641221374,1.030534351,23.29666667
03:04.3,-9.050880343,-1.165976208,2.37424998,4.389312977,-6.592875318,1.050890585,23.29
03:04.3,-9.31583866,-0.91857537,2.659958044,0.254452926,-8.463104326,0.842239186,23.29
03:04.3,-9.327809668,-0.698308818,2.885013,-4.842239186,-11.0178117,1.122137405,23.29
03:04.4,-9.306261853,-0.670376465,2.824359892,-8.24173028,-13.10687023,1.351145038,23.29
03:04.4,-9.159417485,-0.750981254,2.767697119,-9.127226463,-14.22137405,1.872773537,23.29
03:04.4,-9.254387484,-0.915383101,2.643198633,-7.969465649,-14.9821883,5.302798982,23.29
03:04.5,-9.724449076,-0.883460413,2.771687455,-6.498727735,-14.39694656,11.12722646,23.29
03:04.5,-10.13864596,-0.805249825,2.700659473,-3.460559796,-10.36386768,13.49363868,23.29666667
03:04.5,-10.20727974,-0.664789994,2.711832414,2,-12.0178117,10.94910941,23.30333333
03:04.6,-9.83538042,-0.64882865,2.596112667,9.078880407,-18.043257,3.638676845,23.31
03:04.6,-9.176176896,-0.514753357,2.76450485,14.13486005,-26.75826972,-3.27735369,23.31
03:04.6,-8.551290263,-0.310448149,2.906560815,13.91094148,-29.92620865,-9.900763359,23.31
03:04.7,-7.872933126,-0.259371847,2.873840059,9.661577608,-29.60814249,-14.44783715,23.31
03:04.7,-7.614359347,-0.366312854,2.492363928,5.470737913,-26.81170483,-14.95928753,23.30333333
03:04.7,-7.868144722,-0.452504114,2.268107039,4.763358779,-20.77099237,-12.70737913,23.29666667
03:04.8,-8.380503878,-0.360726383,2.241770821,7.328244275,-11.45801527,-9.79389313,23.29666667
03:04.8,-8.844180933,-0.141257898,2.489969727,11.45547074,-2.702290076,-9.234096692,23.30333333
03:04.8,-8.867324882,-0.064643445,2.700659473,15.80152672,2.361323155,-11.19847328,23.31
03:04.9,-8.588799422,-0.262564115,2.869051656,21.2264631,4.926208651,-15.09414758,23.31
03:04.9,-8.220890434,-0.566627726,2.987165605,26.97201018,5.396946565,-17.51908397,23.31
03:04.9,-7.90325968,-0.823605371,2.997540479,34.69211196,6.910941476,-17.77862595,23.31
03:05.0,-7.904057747,-0.896229488,3.105279553,42.86513995,8.918575064,-16.37150127,23.31
03:05.0,-7.978277999,-0.960074866,3.202643754,51.19592875,11.74045802,-14.83969466,23.31
03:05.0,-8.209717493,-0.995189823,3.409343164,58.26208651,13.32315522,-14.28498728,23.31
03:05.1,-8.34538892,-1.007160832,3.525062911,63.59541985,12.51908397,-15.1221374,23.30333333
03:05.1,-8.458714465,-1.035891252,3.556187533,67.51145038,9.781170483,-17.28498728,23.29666667
03:05.1,-8.669404211,-0.937728984,3.394179887,70.10178117,8.162849873,-20.21628499,23.29
03:05.2,-8.90802631,-0.837970581,3.20663409,71.88549618,6.681933842,-22.97455471,23.29666667
03:05.2,-9.073226225,-0.656011255,2.978386865,73.64631043,6.340966921,-25.07633588,23.30333333
03:05.2,-9.099562443,-0.538695374,2.826754093,76.07379135,6.307888041,-26.13231552,23.31
03:05.4,-9.197724711,-0.382274198,2.765302917,80.12977099,6.768447837,-25.23155216,23.31666667
03:05.4,-8.941545133,-0.232237561,2.676717456,80.54707379,5.211195929,-24.0610687,23.31
03:05.4,-8.616731775,-0.097364201,2.515507878,76.96183206,4.236641221,-21.72773537,23.30333333
03:05.5,-8.237649845,-0.055066638,2.276087712,69.09414758,5.193384224,-19.6870229,23.29
03:05.5,-8.28792808,-0.095768066,2.123656873,62.2519084,9.608142494,-17.33587786,23.29
03:05.6,-8.374917407,-0.175574788,2.066196033,57.50381679,13.65648855,-14.59287532,23.29
03:05.6,-8.659029338,-0.195526469,2.036667546,53.8778626,15.57506361,-11.76081425,23.29666667
03:05.6,-8.923189587,-0.233035628,2.136425948,50.76590331,14.45547074,-7.921119593,23.30333333
03:05.7,-9.33020387,-0.193930334,2.252943762,46.14249364,12.04071247,-4.501272265,23.31
03:05.7,-9.555258826,-0.185151595,2.226607544,40.27226463,10.30788804,-2.572519084,23.31
03:05.7,-9.723651009,-0.178767057,2.10131099,33.89821883,9.580152672,-1.765903308,23.31
03:05.9,-9.767544706,-0.197920671,1.956062756,28.30025445,8.763358779,-3.646310433,23.31666667
03:05.9,-9.547278153,-0.329601762,1.862688892,16.80916031,2.24173028,-6.427480916,23.31
03:05.9,-9.315040592,-0.310448149,1.77410343,5.012722646,-3.48346056,-9.211195929,23.30333333
03:06.1,-9.060457149,-0.305659745,1.756545951,-6.463104326,-6.541984733,-8.577608142,23.30333333
03:06.2,-8.729259253,-0.318428821,1.953668555,-7.27480916,-3.402035623,-4.577608142,23.31666667
03:06.3,-8.988631099,-0.353543778,2.255337964,-7.399491094,-3.707379135,1.399491094,23.33
03:06.4,-8.77315295,-0.478042265,2.455652836,-7.195928753,-3.765903308,2.93129771,23.32333333
03:06.4,-8.848171269,-0.525926298,2.474806449,-8.834605598,-3.944020356,3.055979644,23.31666667
03:06.4,-8.551290263,-0.616107894,2.415749475,-8.318066158,-0.900763359,1.348600509,23.31
03:06.5,-8.797893034,-0.569819995,2.432508887,-6.928753181,-0.743002545,1.458015267,23.31
03:06.5,-9.002996309,-0.405418148,2.477998718,-5.804071247,-0.048346056,1.038167939,23.31
03:06.5,-9.048486141,-0.224256889,2.569776449,-5.27735369,-0.027989822,-0.045801527,23.31
03:06.6,-9.006188578,-0.142055965,2.623246952,-5.234096692,-0.010178117,-0.203562341,23.31
03:06.6,-8.918401184,-0.210689746,2.686294263,-5.307888041,-1.284987277,-0.091603053,23.31
03:06.6,-8.813056311,-0.319226888,2.686294263,-5.559796438,-1.96692112,0.529262087,23.31
03:06.7,-8.762778076,-0.401427812,2.699861405,-5.671755725,-1.89821883,1.13740458,23.31
03:06.7,-8.77315295,-0.406216215,2.648785103,-5.900763359,-2.081424936,1.427480916,23.31
03:06.7,-8.781133622,-0.387062602,2.60090107,-5.854961832,-2.269720102,1.987277354,23.31
03:06.8,-8.782729757,-0.439735038,2.55221897,-5.68956743,-2.531806616,2.422391858,23.31
03:06.8,-8.815450513,-0.469263525,2.590526196,-5.284987277,-1.979643766,2.839694656,23.31
03:06.8,-8.777143286,-0.512359155,2.628833423,-4.709923664,-2.417302799,2.96437659,23.31
03:06.9,-8.762778076,-0.529916634,2.734178296,-5.201017812,-2.055979644,2.921119593,23.31
03:06.9,-8.74442253,-0.521935962,2.685496195,-6.24173028,-1.519083969,2.717557252,23.31
03:06.9,-8.840190597,-0.541887642,2.569776449,-7.491094148,-1.44783715,2.190839695,23.31666667
03:07.0,-8.881690092,-0.505974618,2.443681828,-7.323155216,-2.86259542,1.773536896,23.32333333
03:07.1,-8.977458158,-0.521137895,2.431710819,-6.559796438,-3.536895674,1.234096692,23.33
03:07.2,-8.981448494,-0.530714701,2.540247961,-5.24173028,-1.20610687,0.715012723,23.33
03:07.3,-8.991823368,-0.556252852,2.544238298,-3.55216285,-1.445292621,0.381679389,23.31666667
03:07.3,-8.901641772,-0.600944617,2.54344023,-2.160305344,-1.905852417,0.651399491,23.30333333
03:07.4,-8.971871688,-0.631271171,2.48039292,-1.086513995,-4.211195929,0.307888041,23.30333333
03:07.5,-9.001400175,-0.665588062,2.4029804,-1.012722646,-4.221374046,0.175572519,23.32333333
03:07.6,-9.076418494,-0.660799658,2.356692501,-0.638676845,-5.954198473,-0.888040712,23.34333333
03:07.6,-9.035717065,-0.551464449,2.375048047,2.002544529,-5.702290076,-0.732824427,23.33666667
03:07.7,-8.96548715,-0.37908193,2.504334937,4.470737913,-4.256997455,-0.86259542,23.32333333
03:07.8,-8.887276563,-0.319226888,2.72140922,5.921119593,-2.440203562,-0.837150127,23.31666667
03:07.8,-8.809065975,-0.367908988,2.841917371,2.002544529,-2.86259542,-0.170483461,23.31666667
03:07.9,-8.869719084,-0.488417139,2.818773421,-0.984732824,-5.430025445,0.381679389,23.31666667
03:07.9,-8.852161605,-0.495599744,2.720611153,-2.778625954,-8.529262087,1.073791349,23.31666667
03:08.0,-8.710903707,-0.494003609,2.719813086,-1.885496183,-9.65648855,0.93129771,23.32333333
03:08.2,-8.650250598,-0.487619071,2.70704401,-2.641221374,-6.648854962,1.625954198,23.33666667
03:08.3,-8.671000346,-0.458888652,2.754928044,-3.231552163,-3.44783715,1.860050891,23.34333333
03:08.5,-8.892064966,-0.488417139,2.794033337,-3.20610687,-1.75826972,1.190839695,23.34333333
03:08.6,-8.711701774,-0.387860669,2.970406193,-3.872773537,0.684478372,1.763358779,23.34333333
03:08.7,-8.874507487,-0.468465458,2.904964681,-4.37913486,4.882951654,2.407124682,23.33666667
03:08.9,-8.75320127,-0.445321509,2.774081657,-4.610687023,4.147582697,3.246819338,23.33666667
03:08.9,-8.977458158,-0.51395529,2.611275944,-2.463104326,1.618320611,2.229007634,23.32333333
03:08.9,-8.844180933,-0.489215206,2.546632499,-1.055979644,-1.62086514,1.854961832,23.31666667
03:09.0,-8.913612781,-0.504378483,2.529873088,-0.330788804,-0.282442748,1.631043257,23.31
03:09.0,-8.811460177,-0.500388147,2.553815104,0.027989822,0.636132316,1.34605598,23.32333333
03:09.0,-8.766768412,-0.471657727,2.625641154,0.554707379,2.399491094,1.234096692,23.33666667
03:09.2,-8.858546143,-0.428562097,2.679909725,0.760814249,2.325699746,0.961832061,23.35
03:09.2,-8.940747066,-0.403822013,2.683900061,0.213740458,0.671755725,0.488549618,23.35
03:09.2,-8.93117026,-0.359130249,2.636016028,-0.592875318,-0.938931298,0.005089059,23.35
03:09.4,-8.899247571,-0.334390165,2.600103003,-1.226463104,-0.890585242,-0.312977099,23.35
03:09.4,-8.898449504,-0.380678064,2.581747457,-1.325699746,-0.730279898,-0.262086514,23.35666667
03:09.5,-8.947929671,-0.408610417,2.60967981,-1.282442748,-1.150127226,-0.27480916,23.36333333
03:09.7,-8.923189587,-0.4333505,2.592920398,-1.216284987,-1.541984733,-0.134860051,23.35666667
03:09.8,-8.808267908,-0.428562097,2.55780544,-1.193384224,-0.290076336,0.361323155,23.36333333
03:09.8,-8.75878774,-0.395841341,2.54344023,-0.798982188,-0.687022901,0.610687023,23.35666667
03:10.0,-8.713297909,-0.420581425,2.54344023,-0.284987277,-0.496183206,1.050890585,23.37
03:10.1,-8.852959672,-0.422177559,2.531469222,-0.404580153,-1.549618321,0.572519084,23.37
03:10.2,-8.843382865,-0.457292517,2.513113676,-0.674300254,-1.417302799,0.422391858,23.37
03:10.4,-8.87929589,-0.4333505,2.504334937,-0.605597964,-1.79389313,0.371501272,23.37
03:10.5,-8.826623454,-0.410206551,2.581747457,-0.643765903,-0.905852417,0.330788804,23.35666667
03:10.6,-8.856151941,-0.397437476,2.517104012,-0.547073791,-1.190839695,0.687022901,23.36333333
03:10.7,-8.821036983,-0.400629744,2.517104012,-1.226463104,-1.132315522,0.768447837,23.36333333
03:10.8,-8.872113285,-0.373495459,2.492363928,-1.27480916,-2.142493639,0.926208651,23.37
03:11.0,-8.916006982,-0.359928316,2.593718465,-1.72264631,-2.435114504,0.465648855,23.37
03:11.1,-8.817844714,-0.368707056,2.697467204,-2.956743003,-3.251908397,0.06870229,23.37
03:11.1,-8.796296899,-0.455696383,2.804408211,-5.697201018,-5.997455471,-1.089058524,23.37
03:11.3,-8.794700765,-0.489215206,2.92810863,-8.765903308,-6.295165394,-1.806615776,23.37666667
03:11.4,-8.768364547,-0.537099239,2.858676782,-6.496183206,-8.493638677,-3.193384224,23.38333333
03:11.4,-8.630298918,-0.742202515,2.981579134,-1.119592875,-9.513994911,-3.027989822,23.38333333
03:11.5,-8.535328918,-0.814826632,3.268085266,2.221374046,-12.04834606,-3.246819338,23.37666667
03:11.6,-8.759585807,-0.89862369,3.602475431,-0.488549618,-10.90839695,-3.910941476,23.37
03:11.7,-8.743624463,-0.750183187,3.580927616,-2.58778626,-10.81679389,-5.27480916,23.37666667
03:11.9,-8.619924044,-0.790086548,3.498726693,-3.086513995,-9.450381679,-5.882951654,23.37666667
03:12.0,-8.2679764,-0.830787976,3.533043583,-1.03562341,-7.081424936,-3.381679389,23.38333333
03:12.1,-8.293514551,-0.966459403,3.671907279,-0.208651399,-3.055979644,-0.697201018,23.38333333
03:12.3,-8.351773458,-1.011151168,3.672705347,0.10178117,-0.776081425,0.592875318,23.39666667
03:12.3,-8.522559843,-1.055842932,3.667118876,-0.493638677,-0.330788804,0.188295165,23.39666667
03:12.3,-8.482656482,-1.011949235,3.581725684,-1.605597964,-0.681933842,0.34605598,23.39666667
03:12.4,-8.45153186,-1.026314445,3.586514087,-0.96692112,-0.96692112,0.012722646,23.39
03:12.5,-8.35975413,-0.976834277,3.635196187,-0.442748092,-2.702290076,-0.066157761,23.39
03:12.7,-8.425993709,-0.959276799,3.660734338,-0.735368957,-1.437659033,-0.368956743,23.39666667
03:12.7,-8.424397575,-0.960872933,3.714204842,-0.58778626,-1.519083969,0.076335878,23.41
03:12.7,-8.394071021,-0.976834277,3.687070557,-0.526717557,-0.279898219,0.292620865,23.42333333
03:12.8,-8.16741993,-0.952094194,3.790021228,-0.463104326,-1.10178117,1.091603053,23.43
03:12.8,-8.234457576,-0.924959908,3.811569043,-1.905852417,1.048346056,2.872773537,23.41666667
03:12.8,-8.378907743,-0.934536715,3.73495459,-3.045801527,2.361323155,3.508905852,23.40333333
03:13.0,-8.50340623,-0.993593689,3.639186523,-3.284987277,3.170483461,3.877862595,23.39
03:13.1,-8.414022701,-0.999978227,3.549004928,-2.613231552,1.442748092,3.162849873,23.39
03:13.1,-8.351773458,-0.925757975,3.533043583,-1.625954198,-0.022900763,2.944020356,23.39666667
03:13.2,-8.404445894,-0.872287472,3.537831986,-0.770992366,-0.972010178,1.916030534,23.40333333
03:13.3,-8.467493205,-0.847547388,3.533043583,-0.081424936,-0.885496183,1.333333333,23.40333333
03:13.4,-8.48904102,-0.901815959,3.612850305,-0.282442748,-1.427480916,1.488549618,23.40333333
03:13.5,-8.396465222,-0.876277808,3.91851005,-2.877862595,-2.987277354,0.506361323,23.41
03:13.5,-8.261591862,-0.922565706,4.150747611,-5.638676845,-4.778625954,0.134860051,23.42333333
03:13.6,-8.161035392,-0.863508732,4.363033492,-7.458015267,-6.338422392,-0.68956743,23.43
03:13.7,-8.10995909,-1.015939571,4.28322677,-2.529262087,-9.165394402,-1.468193384,23.41666667
03:13.7,-8.140285645,-1.149216797,4.281630636,3.62086514,-11.39949109,-3.162849873,23.40333333
03:13.8,-7.998229679,-1.351127804,4.281630636,10.25699746,-13.10178117,-5.139949109,23.39
03:13.9,-7.691771867,-1.559423348,4.111642318,13.2697201,-10.77099237,-10.48091603,23.41
03:13.9,-7.32625708,-1.893015446,3.888981563,16.74554707,-10.22391858,-13.80152672,23.43
03:14.0,-7.257623299,-2.223415275,3.701435767,20.65139949,-8.577608142,-11.59541985,23.45
03:14.2,-7.479485986,-2.546632499,4.037422066,28.23409669,-16.25445293,4.10178117,23.43
03:14.3,-7.630320691,-2.015917798,4.519454667,36.6437659,-37.80916031,23.18829517,23.41666667
03:14.3,-7.469111112,-0.559445121,5.407703483,37.91348601,-55.98727735,30.98727735,23.41
03:14.4,-7.051721956,1.36948335,5.844246252,35.07124682,-62.52671756,32.26463104,23.42333333
03:14.5,-6.698178178,2.722207288,6.486690365,30.56997455,-47.18575064,27.8956743,23.43
03:14.6,-6.40768171,3.354276526,6.443594735,32.21374046,-32.11959288,30.5394402,23.42333333
03:14.7,-6.324682719,3.866635681,6.497863306,31.53180662,-26.59287532,28.36132316,23.41666667
03:14.7,-5.826688774,4.565742566,6.255250871,28.62340967,-24.17048346,17.34096692,23.41666667
03:14.8,-5.256070711,4.855440967,6.24407793,25.68447837,-24.95928753,4.399491094,23.41666667
03:14.9,-4.670289372,4.924872815,6.385335828,24.37659033,-20.7735369,-6.450381679,23.41666667
03:15.0,-4.299986182,4.687846851,6.711745321,23.26208651,-18.12977099,-6.002544529,23.41
03:15.1,-4.023854924,4.576915507,7.057308427,18,-14.39185751,-7.819338422,23.40333333
03:15.2,-3.816357446,4.575319373,7.282363383,11.84478372,-9.526717557,-10.17302799,23.39666667
03:15.2,-4.094084839,5.49469281,7.250440694,8.531806616,-2.506361323,-11.19847328,23.39666667
03:15.4,-4.417302063,5.553749784,7.232085148,6.951653944,4.890585242,-13.2697201,23.41
03:15.4,-4.734932817,5.92245684,6.601612044,6.659033079,15.38676845,-9.577608142,23.41666667
03:15.5,-5.022237016,5.121995418,6.103618099,7.208651399,18.01526718,-9.745547074,23.41666667
03:15.7,-5.195417603,5.219359619,5.655104321,11.99745547,11.33842239,-2.737913486,23.41
03:15.7,-5.325502559,4.948016764,5.896120622,13.86513995,1.68956743,-0.847328244,23.41666667
03:15.7,-5.331887097,5.047775167,6.108406502,12.22391858,-3.618320611,1.885496183,23.41666667
03:15.9,-5.407703483,5.174667855,6.213751375,7.41475827,-3.376590331,1.521628499,23.41666667
03:15.9,-5.392540206,5.696603817,6.276000618,3.547073791,-4.954198473,3.575063613,23.41
03:16.0,-4.540204415,5.40850155,6.183424821,-0.468193384,10.48854962,3.333333333,23.41666667
03:16.1,-4.205016182,5.645527515,6.034984318,-2.549618321,12.82951654,3.625954198,23.41
03:16.2,-4.143565007,5.30235861,5.950389193,-2.302798982,11.26717557,2.829516539,23.40333333
03:16.2,-4.641558952,5.573701465,6.141127258,-0.218829517,-9.055979644,4.292620865,23.40333333
03:16.4,-4.566540633,5.362213652,6.3933165,0.755725191,-14.0178117,4.394402036,23.41666667
03:16.4,-3.976768958,5.220157686,6.568891288,0.468193384,-8.10178117,-0.073791349,23.41666667
03:16.5,-3.76927148,5.133966427,6.603208179,-0.788804071,-1.223918575,-3.882951654,23.42333333
03:16.7,-3.931279126,5.25926298,6.625554061,5.124681934,0.178117048,-3.539440204,23.42333333
03:16.8,-4.155536015,5.510654154,6.358201542,7.201017812,-7.768447837,-0.811704835,23.43666667
03:16.8,-4.295995846,5.795564152,6.06610894,7.8956743,-8.432569975,-1.142493639,23.42333333
03:17.0,-4.169901225,5.898514823,5.800352555,1.597964377,-4.707379135,-4.839694656,23.41666667
03:17.1,-4.134786267,5.863399866,5.880957345,0.671755725,2.13740458,-4.048346056,23.40333333
03:17.2,-4.054181478,5.880159277,6.074887679,1.597964377,2.475826972,1.493638677,23.41
03:17.3,-4.157132149,5.774016337,6.319894316,0.496183206,2.631043257,7.51653944,23.41
03:17.3,-4.334303072,5.772420203,6.442796667,-1.707379135,2.083969466,9.849872774,23.42333333
03:17.4,-4.438849878,5.717353564,6.439604399,-4.455470738,0.404580153,9.702290076,23.42333333
03:17.6,-4.300784249,5.68702701,6.298346501,-6.040712468,-0.559796438,7.755725191,23.43
03:17.7,-4.281630636,5.632758439,6.194597762,-6.631043257,-0.325699746,5.41475827,23.42333333
03:17.8,-4.17708383,5.580086003,6.123569779,-5.918575064,-0.066157761,3.038167939,23.42333333
03:18.0,-4.161122485,5.530605835,6.145915662,-2.842239186,-1.430025445,2.005089059,23.41666667
03:18.1,-4.146757275,5.599239616,6.277596753,-0.809160305,-2.470737913,0.402035623,23.42333333
03:18.2,-4.158728284,5.630364237,6.336653727,-0.603053435,-2.982188295,-1.982188295,23.42333333
03:18.3,-4.136382402,5.669469531,6.371768685,-1.582697201,-2.007633588,-3.287531807,23.43
03:18.4,-4.094084839,5.630364237,6.316702047,-2.272264631,-1.773536896,-3.264631043,23.43
03:18.4,-4.104459713,5.613604826,6.323884652,-1.503816794,-2.269720102,-2.13740458,23.41666667
03:18.5,-4.079719629,5.604028019,6.33585566,-0.867684478,-3.012722646,-1.763358779,23.41666667
03:18.5,-4.083709965,5.592057011,6.343038265,-0.31043257,-3.501272265,-1.44783715,23.41666667
03:18.6,-4.043806604,5.59524928,6.339047929,-0.424936387,-3.198473282,-1.328244275,23.43
03:18.7,-4.101267444,5.564922725,6.320692383,-0.636132316,-2.770992366,-1.162849873,23.43
03:18.8,-4.098873242,5.606422221,6.324682719,-0.8956743,-2.236641221,-0.96692112,23.43
03:18.8,-4.102065511,5.596047347,6.30153877,-1.106870229,-1.218829517,-0.251908397,23.43666667
03:18.9,-4.090094503,5.616797095,6.221732048,-1.155216285,-0.717557252,0.534351145,23.44333333
03:18.9,-4.106853914,5.568913062,6.189809359,-0.969465649,-0.692111959,1.259541985,23.45
03:19.0,-4.145959208,5.500279281,6.175444149,-0.529262087,-0.727735369,1.450381679,23.44333333
03:19.0,-4.16830509,5.498683146,6.275202551,-0.162849873,-1.03307888,1.681933842,23.43666667
03:19.0,-4.132392065,5.495490877,6.260837341,0.015267176,-0.72264631,2.178117048,23.43
03:19.2,-4.151545679,5.535394238,6.269616081,0.010178117,-0.320610687,2.870229008,23.43666667
03:19.3,-4.189054838,5.507461886,6.270414148,-0.37913486,0.567430025,3.544529262,23.43666667
03:19.4,-4.273649963,5.521029028,6.328673055,-0.882951654,-0.106870229,2.969465649,23.44333333
03:19.5,-4.327918534,5.544971045,6.374960954,-1.508905852,-0.740458015,2.086513995,23.44333333
03:19.5,-4.310361056,5.587268608,6.336653727,-1.916030534,-1.312977099,0.773536896,23.45
03:19.6,-4.280034501,5.605624154,6.315903979,-2.218829517,-0.580152672,0.287531807,23.43666667
03:19.8,-4.236140804,5.622383565,6.245674064,-1.58524173,-0.157760814,0.417302799,23.43666667
03:19.9,-4.157930216,5.600037683,6.213751375,-0.888040712,-0.312977099,0.618320611,23.43
03:19.9,-4.169103158,5.58647054,6.208962972,0.259541985,-0.750636132,1.340966921,23.44333333
03:20.0,-4.174689628,5.588864742,6.253654736,0.498727735,-1.521628499,1.493638677,23.44333333
03:20.1,-4.257688619,5.631162305,6.245674064,0.664122137,-2.040712468,1.503816794,23.45
03:20.1,-4.288015173,5.617595162,6.189809359,0.407124682,-2.10178117,0.735368957,23.45
03:20.3,-4.290409375,5.639142977,6.12915625,0.132315522,-1.926208651,-0.27735369,23.45
03:20.4,-4.22017946,5.623181632,6.126762048,-0.022900763,-0.776081425,-0.407124682,23.44333333
03:20.4,-4.174689628,5.668671464,6.144319527,0.213740458,-0.170483461,0.770992366,23.45666667
03:20.5,-4.233746602,5.651912052,6.152300199,0.737913486,0.167938931,2.330788804,23.47
03:20.6,-4.345476013,5.718949699,6.176242216,1.251908397,-0.338422392,3.17302799,23.47
03:20.7,-4.35505282,5.729324573,6.181030619,1.027989822,-0.903307888,2.445292621,23.45
03:20.8,-4.243323409,5.791573816,6.117185242,0.17302799,-1.045801527,1.10178117,23.42333333
03:20.9,-4.186660636,5.843448185,6.054137931,-0.424936387,-1.216284987,-0.038167939,23.43
03:21.0,-4.205016182,5.896918689,6.025407511,-0.857506361,-0.65648855,-0.091603053,23.43666667
03:21.1,-4.215391056,5.897716756,5.99428289,-0.539440204,-0.717557252,0.597964377,23.45
03:21.1,-4.246515678,5.861005664,6.036580452,0.262086514,-0.956743003,0.903307888,23.45
03:21.2,-4.19703551,5.870582471,6.030993982,0.374045802,-1.244274809,0.709923664,23.45
03:21.3,-4.215391056,5.860207597,6.082070284,-0.002544529,-1.147582697,0.251908397,23.45
03:21.3,-4.181872233,5.892130286,6.02301331,-0.849872774,-1.246819338,0.511450382,23.45
03:21.5,-4.196237443,5.857813395,5.987100285,-0.709923664,-1.51653944,0.41475827,23.45
03:21.6,-4.249707947,5.898514823,5.983908016,0.422391858,-2.229007634,1.524173028,23.44333333
03:21.6,-4.246515678,5.88813995,6.055734066,0.10178117,-2.442748092,0.788804071,23.44333333
03:21.8,-4.231352401,5.876168941,6.089252889,-1.129770992,-2.582697201,0.755725191,23.44333333
03:21.8,-4.173891561,5.843448185,6.068503141,-2.984732824,-1.608142494,-0.541984733,23.44333333
03:21.9,-4.185064502,5.824294572,6.010244234,-3.44783715,-0.676844784,-0.422391858,23.43666667
03:22.0,-4.212198787,5.860207597,5.974331209,-2.681933842,0.030534351,0.160305344,23.43
03:22.1,-4.236938871,5.904899361,5.942408521,-1.89821883,-0.145038168,0.885496183,23.43
03:22.1,-4.29759198,5.868188269,5.955975663,-0.875318066,-0.526717557,1.521628499,23.43
03:22.2,-4.328716602,5.868986336,6.059724402,-0.493638677,-0.989821883,1.175572519,23.43666667
03:22.2,-4.323130131,5.835467513,6.140329191,-0.605597964,-1.244274809,0.750636132,23.44333333
03:22.3,-4.232150468,5.838659782,6.165069275,-0.659033079,-1.27735369,0.699745547,23.45
03:22.4,-4.252102148,5.85063079,6.002263562,-0.837150127,-1.045801527,0.549618321,23.46333333
03:22.4,-4.260082821,5.860207597,5.869784403,-0.404580153,-0.562340967,0.715012723,23.47666667
03:22.4,-4.302380383,5.832275244,5.770824068,0.178117048,-0.017811705,0.292620865,23.49
03:22.6,-4.252102148,5.813919698,5.805140959,1.623409669,-0.763358779,0.198473282,23.47666667
03:22.6,-4.166708956,5.867390202,5.90809163,1.776081425,-0.460559796,0.292620865,23.46333333
03:22.7,-4.129997864,5.960764067,5.935225916,1.020356234,0.75826972,0.590330789,23.45
03:22.8,-4.189852905,5.995879024,5.926447176,-0.025445293,2.190839695,0.740458015,23.45
03:22.8,-4.279236434,5.963956335,5.899312891,0.086513995,1.717557252,1.162849873,23.46333333
03:23.0,-4.351860551,5.97113894,5.924052974,0.407124682,0.109414758,1.745547074,23.46333333
03:23.1,-4.323928198,6.020619108,5.910485832,0.129770992,-1.089058524,2.254452926,23.46333333
03:23.2,-4.374206433,6.026205579,5.87936121,-0.363867684,-1.849872774,1.692111959,23.44333333
03:23.3,-4.330312736,6.023811377,5.837861715,-0.386768448,-2.778625954,0.524173028,23.45666667
03:23.3,-4.287217106,5.967946672,5.868986336,-0.348600509,-2.992366412,-0.391857506,23.47
03:23.4,-4.214592989,5.950389193,5.891332218,-0.452926209,-2.687022901,-0.554707379,23.47
03:23.6,-3.79241543,6.058128267,5.913678101,-0.65394402,-3.165394402,0.455470738,23.45666667
03:23.6,-3.798799967,6.106810368,5.910485832,-0.882951654,-1.501272265,0.295165394,23.44333333
03:23.7,-3.86982795,6.115589107,5.881755412,-1.005089059,-2.679389313,-0.132315522,23.45
03:23.9,-4.282428703,6.04296499,5.864996,-1.75826972,-2.027989822,-1.066157761,23.45
03:23.9,-4.260880888,6.027003646,5.84504432,-1.618320611,-3.547073791,-0.422391858,23.46333333
03:23.9,-4.142766939,6.058128267,5.866592135,-1.399491094,-2.468193384,0.399491094,23.48333333
03:24.0,-4.100469377,6.064512805,5.870582471,-0.880407125,-1.880407125,1.145038168,23.50333333
03:24.0,-4.049393075,6.035782385,5.885745748,-0.956743003,-1.468193384,1.755725191,23.51
03:24.0,-4.084508032,5.976725411,5.876967008,-1.027989822,-1.058524173,2.078880407,23.50333333
03:24.1,-4.120421057,5.897716756,5.892928353,-1,-1.259541985,2.503816794,23.49666667
03:24.1,-4.208208451,5.89372642,5.881755412,-0.849872774,-0.852417303,2.503816794,23.49
03:24.1,-4.3263224,5.970340873,5.90250516,-0.709923664,-0.882951654,1.798982188,23.49
03:24.2,-4.414109794,6.030993982,5.864197933,-0.730279898,-1.061068702,0.221374046,23.49
03:24.2,-4.457205424,6.032590116,5.877765076,-0.847328244,-1.68956743,-1.666666667,23.49
03:24.2,-4.276842232,6.015830705,5.871380538,-1.139949109,-1.875318066,-2.928753181,23.49
03:24.3,-4.184266435,5.987100285,5.875370874,-1.246819338,-1.819338422,-3.300254453,23.49
03:24.3,-4.100469377,5.984706083,5.857813395,-1.374045802,-1.860050891,-3.142493639,23.47666667
03:24.4,-4.16271862,5.967946672,5.868188269,-1.208651399,-1.890585242,-2.674300254,23.46333333
03:24.5,-4.189054838,6.004657764,5.912081966,-1.190839695,-1.783715013,-2.17302799,23.45
03:24.6,-4.22576593,6.05174373,5.911283899,-0.646310433,-13.61323155,-1.770992366,23.45
03:24.7,-4.22576593,6.003859696,5.862601799,-1.124681934,-14.26463104,-1.432569975,23.46333333
03:24.7,-4.226563997,5.944004655,5.834669446,-1.531806616,-13.75826972,-1.651399491,23.47666667
03:24.7,-4.122017192,5.920062638,5.8163139,-2.44783715,-0.17302799,-1.315521628,23.49
03:24.8,-4.126007528,5.969542806,5.813919698,-2.073791349,2.905852417,-1.37913486,23.49
03:24.8,-4.173093494,6.032590116,5.806737093,-1.531806616,3.839694656,-1.025445293,23.49
03:24.8,-4.348668282,6.064512805,5.815515833,-0.870229008,-0.226463104,-2,23.49
03:24.9,-4.189054838,5.995879024,5.785987345,-0.427480916,-5.450381679,-2.221374046,23.49
03:24.9,-4.087700301,5.975129277,5.805939026,-0.127226463,-6.450381679,-2.216284987,23.49
03:25.0,-4.027047192,5.900110958,5.883351546,-0.045801527,-3.625954198,-0.946564885,23.47666667
03:25.1,-4.25449635,6.007051965,5.962360201,-1.259541985,-0.391857506,0.063613232,23.48333333
03:25.1,-4.327918534,5.96555247,5.940014319,-2.470737913,0.096692112,0.933842239,23.49
03:25.1,-4.325524333,6.034984318,5.864197933,-3.399491094,0.923664122,1.534351145,23.51
03:25.2,-4.31195719,5.962360201,5.868986336,-2.941475827,1.549618321,1.755725191,23.51
03:25.2,-4.299986182,5.999071293,5.869784403,-2.547073791,0.900763359,1.8956743,23.49
03:25.3,-4.291207442,5.919264571,5.88813995,-2.381679389,0.938931298,1.623409669,23.47
03:25.4,-4.276044165,5.896918689,5.904101294,-2.475826972,0.422391858,1.636132316,23.45
03:25.4,-4.337495341,5.883351546,5.936023983,-2.58524173,0.913486005,1.452926209,23.46333333
03:25.4,-4.39814845,5.874572807,5.950389193,-2.674300254,0.117048346,1.267175573,23.47666667
03:25.5,-4.393360046,5.884149613,5.944004655,-2.68956743,-0.170483461,1.055979644,23.49
03:25.5,-4.31754366,5.838659782,5.983109949,-2.727735369,-0.547073791,1.089058524,23.49666667
03:25.5,-4.24890988,5.808333228,5.921658773,-2.903307888,-0.307888041,1.045801527,23.50333333
03:25.6,-4.269659627,5.853823059,5.897716756,-3.043256997,-0.213740458,1.152671756,23.51
03:25.6,-4.311159123,5.867390202,5.85063079,-2.880407125,0.142493639,0.882951654,23.49
03:25.7,-4.332706938,5.916072302,5.904899361,-2.391857506,-0.292620865,0.875318066,23.47
03:25.8,-4.36063929,5.852226925,5.920062638,-1.62086514,-0.798982188,0.89821883,23.46333333
03:25.8,-4.347870215,5.876967008,5.903303227,-1.020356234,-1.27735369,0.972010178,23.47666667
03:25.8,-4.391763912,5.874572807,5.894524487,-0.913486005,-0.989821883,0.982188295,23.49
03:25.9,-4.390965845,5.903303227,5.839457849,-1.295165394,-0.463104326,0.208651399,23.49
03:25.9,-4.341485677,5.887341882,5.805140959,-1.603053435,-0.223918575,-0.72519084,23.49
03:25.9,-4.287217106,5.864996,5.770824068,-1.493638677,0.320610687,-0.910941476,23.49
03:26.0,-4.249707947,5.831477177,5.786785413,-1.045801527,0.702290076,-0.442748092,23.49
03:26.0,-4.29759198,5.85940953,5.824294572,-0.603053435,1.015267176,0.498727735,23.49
03:26.0,-4.299986182,5.88813995,5.87377474,-0.402035623,0.669211196,0.926208651,23.49
03:26.1,-4.333505005,5.989494486,5.929639445,-0.720101781,0.62086514,1.368956743,23.49
03:26.1,-4.359043156,6.002263562,5.924851042,-1.669211196,1.010178117,1.073791349,23.49
03:26.1,-4.465984163,6.074887679,5.940014319,-2.625954198,1.389312977,0.340966921,23.49
03:26.3,-4.508281726,6.020619108,5.931235579,-3.31043257,1.694656489,-0.661577608,23.47666667
03:26.3,-4.508281726,5.913678101,5.949591125,-3.106870229,3.055979644,-0.066157761,23.47666667
03:26.3,-4.497108785,5.762843396,5.940812386,-2.572519084,3.788804071,1.157760814,23.47666667
03:26.4,-4.589684583,5.624777767,5.66707533,-1.078880407,9.432569975,2.279898219,23.49666667
03:26.4,-5.193821468,5.469952726,5.576893734,0.17302799,15.11450382,-2.307888041,23.50333333
03:26.4,-5.819506169,5.251282308,5.396530542,2.496183206,9.664122137,-11.48346056,23.51
03:26.5,-5.825890706,4.993506596,5.541778776,4.768447837,-12.70229008,-10.56234097,23.49
03:26.6,-5.101245671,5.104437939,5.684632808,7.091603053,-29.8346056,-6.31043257,23.47
03:26.6,-4.426080802,5.434039701,6.133146586,7.318066158,-35.45547074,1.796437659,23.47
03:26.7,-4.129199797,5.838659782,6.502651709,5.631043257,-31.11450382,-0.956743003,23.48333333
03:26.7,-4.000710974,5.901707092,6.639919271,3.781170483,-33.50381679,-2.979643766,23.49666667
03:26.8,-3.766877279,5.786785413,6.570487423,3.071246819,-36.78880407,-4.875318066,23.49
03:26.8,-3.696647363,5.666277262,6.501055575,3.832061069,-39.23664122,-4.956743003,23.49
03:26.8,-3.592100557,5.588864742,6.434815995,5.549618321,-40.75826972,-3.928753181,23.49
03:27.0,-3.488351819,5.559336255,6.400499105,7.933842239,-40.59287532,-1.468193384,23.47666667
03:27.1,-3.123635099,5.716555497,6.387730029,12.18320611,-34.40966921,3.10178117,23.46333333
03:27.1,-2.847503841,6.234501123,6.360595744,14.84732824,-25.46819338,7.750636132,23.46333333
03:27.3,-2.544238298,6.71493759,6.309519442,16.23409669,-17.62086514,10.27226463,23.46333333
03:27.3,-2.18191578,7.081250444,6.148309863,14.01272265,-16.66157761,6.203562341,23.47666667
03:27.3,-1.824381665,7.110778931,6.101223897,12.48346056,-21.17302799,0.229007634,23.47666667
03:27.4,-1.44689587,7.138711283,6.007850033,11.09669211,-24.81424936,-5.10178117,23.49
03:27.4,-1.357512341,7.140307418,6.032590116,10.81679389,-26.043257,-6.684478372,23.49
03:27.4,-1.387838896,7.177816577,5.995080957,10.7913486,-25.24427481,-6.89821883,23.49
03:27.5,-1.468443685,7.250440694,5.941610453,11.02035623,-25.54452926,-6.638676845,23.49666667
03:27.5,-1.543462004,7.302315063,5.874572807,11.44783715,-25.34860051,-6.287531807,23.50333333
03:27.5,-1.470039819,7.350199097,5.880957345,10.76335878,-24.46310433,-5.773536896,23.51
03:27.6,-1.390233097,7.431601953,5.899312891,9.770992366,-23.5648855,-4.867684478,23.51
03:27.6,-1.242590662,7.497043465,5.93682205,8.709923664,-24.24173028,-4.244274809,23.51
03:27.6,-1.176351082,7.545725566,5.959965999,7.93129771,-25.50127226,-4.012722646,23.51
03:27.7,-1.103726965,7.533754557,5.992686755,7.127226463,-25.14249364,-4.435114504,23.51
03:27.7,-1.164380074,7.48986086,5.979119613,5.750636132,-25.7735369,-4.923664122,23.51
03:27.7,-1.239398393,7.444371029,5.892928353,4.605597964,-27.30534351,-5.012722646,23.51
03:27.8,-1.311224443,7.485072457,5.790775749,3.473282443,-27.80916031,-5.002544529,23.51
03:27.8,-1.341550997,7.530562288,5.679046338,2.55216285,-24.33587786,-3.893129771,23.51
03:27.8,-1.32638772,7.580840523,5.601633818,1.819338422,-17.44274809,-4.165394402,23.50333333
03:27.9,-1.3463394,7.713319682,5.576893734,1.259541985,-8.020356234,-6.608142494,23.49666667
03:27.9,-0.878672009,7.424419348,5.519432894,1.267175573,-0.519083969,-8.356234097,23.49
03:27.9,-1.030304781,7.81148195,5.577691801,1.259541985,1.600508906,-7.106870229,23.49
03:28.0,-0.923363774,7.449957499,5.613604826,0.65648855,-1.880407125,-4.681933842,23.49
03:28.0,-1.751757548,7.660647245,5.666277262,-0.854961832,-5.027989822,-2.015267176,23.49
03:28.0,-1.845131413,7.406861869,5.678248271,-2.519083969,0.717557252,-4.007633588,23.49
03:28.1,-2.089339982,7.597599935,5.722940035,-4.015267176,0.872773537,-1.786259542,23.49
03:28.1,-1.778891833,7.700550606,5.810727429,-4.692111959,-5.888040712,1.358778626,23.49
03:28.2,-1.391829232,7.612763212,5.85063079,-5.842239186,-21.01272265,6.597964377,23.47666667
03:28.3,-1.188322091,7.781953463,6.197790031,-7.048346056,-34.33587786,8.615776081,23.48333333
03:28.3,-0.828393774,7.830635563,6.345432467,-6.715012723,-34.82951654,4.809160305,23.47
03:28.3,-0.678357137,7.656656909,6.426037256,-4.842239186,-28.17302799,-0.595419847,23.47
03:28.4,-0.301669409,7.407659937,6.220135913,-3.890585242,-14.38676845,-6.122137405,23.45
03:28.4,-0.445321509,7.351795231,6.214549443,-4.404580153,-8.41475827,-9.114503817,23.47666667
03:28.5,-0.431754366,7.359775903,6.268019946,-5.554707379,-6.330788804,-8.715012723,23.50333333
03:28.5,-0.682347473,7.276776912,6.290365828,-4.748091603,-5.992366412,-5.900763359,23.53
03:28.5,-0.539493441,7.235277417,6.339047929,-4.162849873,-3.755725191,1.371501272,23.52333333
03:28.6,-0.704693355,7.461928507,6.498661373,-3.781170483,-4.226463104,10.44020356,23.51666667
03:28.6,-0.712674028,7.720502287,6.592035238,-5.005089059,-0.396946565,13.1475827,23.51
03:28.6,-0.778913607,7.584032792,6.599217843,-6.664122137,1.954198473,10.63104326,23.51
03:28.7,-0.687135876,7.38371792,6.481103894,-8.17302799,3.330788804,5.198473282,23.51
03:28.7,-0.490013273,7.269594307,6.299144568,-8.320610687,1.709923664,2.712468193,23.51
03:28.8,-0.692722347,6.449979272,6.299942635,-6.944020356,2.180661578,-1.773536896,23.51
03:28.8,-0.688732011,6.345432467,6.303932971,-4.03307888,4.012722646,-2.748091603,23.51
03:28.9,-0.553858651,6.177040283,6.39890297,-1.623409669,3.824427481,-0.562340967,23.51
03:28.9,-0.332794031,6.989472713,6.370970618,-1.234096692,-0.93129771,3.86259542,23.51
03:29.0,-0.251391174,7.024587671,6.334259526,-2.211195929,-8.295165394,5.625954198,23.51
03:29.0,-0.196324536,7.138711283,6.366980282,-3.72264631,-11.4173028,6.969465649,23.51
03:29.1,0.079806722,7.169835905,6.351817004,-3.890585242,-3.142493639,6.223918575,23.51
03:29.1,0.394245207,7.171432039,6.414066248,-3.386768448,23.31043257,-3.234096692,23.51
03:29.1,0.387860669,7.953537915,7.041347083,-1.229007634,45.99745547,-10.40203562,23.51
03:29.2,0.277727393,7.896077075,7.238469686,-3.949109415,74.03053435,-16.63358779,23.51
03:29.2,-0.653617053,7.958326318,7.149086157,-6.727735369,63.76590331,-3.849872774,23.51
03:29.3,-1.33197419,7.063692965,6.461152214,-9.750636132,45.1221374,2.941475827,23.51
03:29.3,-1.906582589,7.035760612,6.233703056,-8.127226463,12.3307888,12.17048346,23.50333333
03:29.4,-1.781286035,6.866570361,6.213751375,-7.318066158,3.750636132,9.921119593,23.49666667
03:29.4,-1.835554606,6.770802295,6.125963981,-6.720101781,3.577608142,9.582697201,23.50333333
03:29.5,-1.819593262,6.68620717,6.077281881,-5.496183206,5.646310433,8.117048346,23.51666667
03:29.5,-1.803631917,6.680620699,6.058128267,-3.386768448,7.541984733,7.249363868,23.52333333
03:29.6,-1.750959481,6.740475741,6.133146586,-0.832061069,9.837150127,6.994910941,23.51666667
03:29.6,-1.779689901,6.86976263,6.209761039,1.094147583,9.368956743,7.106870229,23.50333333
03:29.7,-1.71105612,6.946377083,6.179434485,1.318066158,11.32315522,6.58524173,23.51
03:29.7,-1.78288217,6.967924898,5.995879024,0.979643766,13.57506361,4.814249364,23.51666667
03:29.8,-1.828372001,6.892108512,5.857015328,1.679389313,16.27989822,3.669211196,23.53
03:29.8,-1.991975781,6.868964563,5.817111967,4.022900763,15.51399491,3.669211196,23.53
03:29.9,-2.004744857,6.837839941,5.848236589,6.386768448,14.18829517,5.203562341,23.53
03:29.9,-2.045446285,7.054116158,5.832275244,8.442748092,14.24936387,7.122137405,23.52333333
03:29.9,-2.054225024,7.090029183,5.714959363,9.842239186,15.42748092,8.127226463,23.51666667
03:30.0,-2.094128385,7.343016492,5.687825077,10.89058524,15.63104326,8.208651399,23.51666667
03:30.0,-2.089339982,7.337430021,5.625575834,10.96437659,17.38931298,8.218829517,23.52333333
03:30.1,-2.170742839,7.400477332,5.722940035,11.50381679,15.09923664,8.267175573,23.53
03:30.1,-2.078167041,7.460332373,5.85063079,10.46564885,14.69211196,10.03562341,23.53
03:30.2,-2.142012419,7.48427439,5.983109949,8.333333333,14.70737913,11.06870229,23.53
03:30.2,-2.183511914,7.669425985,5.98550415,3.882951654,16.75063613,11.81170483,23.53
03:30.3,-2.236982418,7.735665564,5.759651127,-0.216284987,20.35368957,10.65139949,23.53
03:30.3,-2.339135022,7.766790186,5.55215365,-3.066157761,20.043257,8.760814249,23.52333333
03:30.3,-2.236184351,7.737261698,5.300762476,-4.544529262,21.24173028,7.473282443,23.51666667
03:30.4,-2.34551956,7.607974809,5.200206006,-4.730279898,21.49618321,6.631043257,23.52333333
03:30.4,-2.317587207,7.643089766,5.079697856,-5.687022901,24.36895674,7.066157761,23.53666667
03:30.5,-2.519498214,7.548917834,5.025429285,-6.244274809,28.7480916,6.72264631,23.53666667
03:30.5,-2.748543506,7.425217415,5.031813822,-5.86259542,26.26717557,6.10178117,23.52333333
03:30.6,-2.797225606,7.267200106,5.098851469,-3.272264631,20.37659033,6.328244275,23.51666667
03:30.6,-2.814783085,7.241661955,5.223349955,-1.005089059,14.81679389,8.340966921,23.52333333
03:30.7,-2.751735775,7.357381702,5.243301636,-0.244274809,14.62849873,9.852417303,23.53
03:30.7,-2.912147286,7.50422607,5.206590544,-0.743002545,14.88804071,9.562340967,23.53
03:30.8,-2.884214933,7.574455986,5.094861133,-1.302798982,12.89058524,8.374045802,23.53
03:30.8,-2.833138631,7.634311027,4.973554915,-1.544529262,12.75063613,8.030534351,23.53
03:30.9,-2.76450485,7.569667582,4.806758866,-0.526717557,12.40203562,7.338422392,23.52333333
03:30.9,-2.732582161,7.60478254,4.63916475,1.865139949,11.68447837,6.900763359,23.51666667
03:31.0,-2.752533842,7.63351296,4.53860828,5.183206107,9.371501272,7.776081425,23.51
03:31.1,-2.813985018,7.762001782,4.324726265,9.030534351,5.613231552,9.300254453,23.51666667
03:31.2,-2.862667118,7.97508573,4.193843241,11.59287532,1.936386768,9.694656489,23.52333333
03:31.2,-2.827552161,8.119535897,4.096479041,12.79898219,-0.536895674,8.569974555,23.53
03:31.3,-2.637612162,8.309475895,4.167507023,10.49109415,3.376590331,7.368956743,23.52333333
03:31.4,-2.55780544,8.222486568,4.155536015,7.089058524,8.34351145,5.198473282,23.51666667
03:31.4,-2.565786112,8.196948417,4.06216215,3.954198473,9.781170483,1.740458015,23.51
03:31.5,-2.630429557,8.184977409,3.883395093,5.086513995,6.195928753,0.318066158,23.50333333
03:31.6,-2.73018796,8.306283626,3.832318791,7.246819338,3.951653944,0.8956743,23.51
03:31.6,-2.824359892,8.421205306,3.780444421,8.834605598,2.600508906,2.994910941,23.51666667
03:31.7,-2.865859387,8.479464213,3.770867615,4.65648855,1.114503817,-0.407124682,23.52333333
03:31.8,-2.928906698,8.526550179,3.703031901,0.083969466,-1.804071247,-4.48346056,23.51666667
03:31.8,-2.861869051,8.501012028,3.649561397,-4.048346056,-2.888040712,-8.445292621,23.51666667
03:32.0,-2.757322245,8.467493205,3.653551733,-2.13740458,-4.473282443,-5.651399491,23.52333333
03:32.0,-2.592920398,8.453127995,3.595292826,-0.017811705,-4.03562341,-1.720101781,23.53
03:32.0,-2.558603507,8.461906734,3.537831986,1.867684478,-5.251908397,2.231552163,23.53
03:32.1,-2.642400566,8.481858415,3.448448458,0.839694656,-6.17302799,1.727735369,23.53
03:32.1,-2.720611153,8.554482532,3.447650391,0.002544529,-9.984732824,0.099236641,23.53
03:32.2,-2.60967981,8.582414884,3.518678373,-2.109414758,-11.46310433,-0.687022901,23.53
03:32.2,-2.558603507,8.583212952,3.612052238,-4.702290076,-8.798982188,-1.007633588,23.53
03:32.3,-2.546632499,8.48026228,3.632003918,-7.297709924,-6.592875318,-0.554707379,23.53
03:32.3,-2.558603507,8.360552197,3.640782658,-8.195928753,-4.748091603,-0.791348601,23.53
03:32.4,-2.498748466,8.269572534,3.608061902,-8.366412214,-3.814249364,0.694656489,23.53
03:32.4,-2.460441239,8.248024719,3.645571061,-8.506361323,-1.038167939,1.623409669,23.52333333
03:32.5,-2.576160986,8.328629508,3.669513078,-8.704834606,2.455470738,1.661577608,23.51666667
03:32.5,-2.651179305,8.381301945,3.82114585,-9.363867684,5.178117048,1.216284987,23.51
03:32.6,-2.660756112,8.351773458,3.881798958,-10.65648855,8.905852417,1.066157761,23.51
03:32.7,-2.738168632,8.326235307,4.120421057,-12.87531807,9.193384224,2.338422392,23.51
03:32.8,-2.779668127,8.24483245,4.210602653,-15.7480916,9.534351145,3.185750636,23.51
03:32.8,-2.844311572,8.254409257,4.375802568,-18.62340967,8.249363868,3.748091603,23.51666667
03:33.0,-2.824359892,8.099584216,4.270457694,-21.60305344,12.05343511,0.51653944,23.52333333
03:33.0,-2.829946362,7.979076066,4.281630636,-22.6692112,16.46564885,-0.796437659,23.52333333
03:33.0,-2.873041992,7.798712874,4.208208451,-22.70483461,23.71501272,-0.399491094,23.51666667
03:33.2,-3.094904679,7.560888843,4.341485677,-19.00763359,26.8524173,3.699745547,23.51666667
03:33.2,-3.365449467,7.271190442,4.392561979,-14.81170483,26.84478372,5.687022901,23.51666667
03:33.2,-3.642378792,7.019799268,4.587290381,-9.201017812,20.21882952,5.62086514,23.51666667
03:33.3,-3.607263835,7.003837923,4.56175223,-4.022900763,14.83206107,6.440203562,23.50333333
03:33.4,-3.530649382,7.171432039,4.556165759,-0.053435115,11.72010178,7.974554707,23.50333333
03:33.4,-3.523466777,7.308699601,4.545790885,2.96437659,12.02544529,9.511450382,23.50333333
03:33.6,-3.728570052,7.302315063,4.708596598,3.195928753,8.641221374,7.111959288,23.51666667
03:33.6,-3.911327445,7.266402039,4.829902816,2.735368957,5.089058524,4.455470738,23.52333333
03:33.7,-4.005499377,7.324660946,4.813143404,1.330788804,1.139949109,2.465648855,23.53666667
03:33.8,-3.860251143,7.429207751,4.591280717,1.27480916,-0.48346056,3.229007634,23.53
03:33.8,-3.672705347,7.494649264,4.513868197,3.201017812,-2.124681934,5.221374046,23.52333333
03:33.9,-3.415727702,7.534552625,4.434859542,5.486005089,-3.081424936,7.193384224,23.51666667
03:34.0,-3.434083248,7.697358337,4.50429139,6.34605598,-6.330788804,6.239185751,23.52333333
03:34.1,-3.551399129,7.837020101,4.499502987,4.804071247,-9.615776081,3.180661578,23.53
03:34.1,-3.637590389,7.890490605,4.551377356,2.488549618,-12.28244275,-0.773536896,23.53
03:34.3,-3.54262039,7.844202706,4.423686601,0.641221374,-16.98982188,-5.440203562,23.52333333
03:34.3,-3.363055265,7.794722538,4.327120467,-1.053435115,-21.25699746,-9.870229008,23.52333333
03:34.3,-3.205836023,7.780357328,4.253698283,-1.938931298,-25.54961832,-13.76844784,23.52333333
03:34.4,-3.173913334,7.756415312,4.375802568,-2.559796438,-21.92875318,-14.7735369,23.53
03:34.5,-3.426102576,7.39808313,4.697423657,-3.320610687,-34.09923664,-19.71501272,23.53
03:34.5,-1.026314445,7.722896488,5.890534151,-2.13740458,-68.14249364,-7.226463104,23.53
03:34.6,-0.916979236,7.683791195,6.214549443,-4.430025445,-104.5292621,-7.017811705,23.51666667
03:34.7,-0.027134285,7.894480941,6.279192887,-6.320610687,-111.394402,-6.297709924,23.52333333
03:34.7,-2.062205697,7.29752666,5.596047347,-10.33842239,-89.66157761,-24.34351145,23.53
03:34.9,-1.53308713,7.001443722,5.665479195,-7.608142494,-67.57506361,-27.45292621,23.54333333
03:34.9,-1.605711247,6.754042883,5.936023983,-2.188295165,-62.88804071,-24.43002545,23.53666667
03:35.0,-1.253763603,6.826667,6.011840369,2.773536896,-64.25954198,-16.72264631,23.53
03:35.1,-0.920171505,6.991866915,6.343038265,2.954198473,-46.86005089,-10.55725191,23.53
03:35.1,-0.651222852,7.177816577,6.511430448,-0.226463104,-25.30279898,-6.834605598,23.53
03:35.2,-0.54827218,7.086836914,6.662265153,-3.445292621,-2.984732824,-5.582697201,23.53
03:35.3,-0.675164868,6.979097839,6.601612044,-3.65648855,0.142493639,-5.402035623,23.53
03:35.3,-0.632867306,6.862580025,6.467536751,-2.081424936,3.755725191,-4.300254453,23.54333333
03:35.4,-0.804451758,6.86417616,6.420450785,-0.038167939,8.636132316,-4.676844784,23.55666667
03:35.5,-0.849941589,6.80671532,6.422844987,0.82697201,7.816793893,-4.750636132,23.56333333
03:35.5,-0.969651672,6.89290658,6.471527087,0.48346056,4.396946565,-4.165394402,23.55666667
03:35.6,-0.87547974,6.909665991,6.516218852,0.669211196,-2.702290076,-1.908396947,23.55
03:35.7,-0.965661336,6.991068848,6.47072902,0.13740458,0.600508906,-2.89821883,23.55
03:35.8,-0.899421757,6.936800277,6.467536751,0.508905852,4.68956743,-4.134860051,23.54333333
03:35.8,-0.933738647,6.867368429,6.4419986,0.145038168,7.974554707,-4.549618321,23.53666667
03:35.8,-0.880268144,6.798734648,6.378153223,-0.338422392,5.684478372,-0.89821883,23.53666667
03:35.9,-0.972843941,6.779581034,6.331067257,-1.221374046,3.524173028,2.58524173,23.54333333
03:35.9,-1.003170496,6.810705656,6.327076921,-1.796437659,2.208651399,4.839694656,23.55
03:36.0,-1.098938562,6.845820614,6.453969609,-2.015267176,2.768447837,4.34605598,23.55
03:36.0,-1.216254443,6.853003219,6.570487423,-2.460559796,3.486005089,3.081424936,23.55
03:36.0,-1.315214779,6.833849605,6.615179187,-2.798982188,4.788804071,1.155216285,23.55666667
03:36.1,-1.335964526,6.788359774,6.607996582,-2.078880407,3.356234097,1.508905852,23.56333333
03:36.2,-1.338358728,6.787561707,6.552929944,-0.809160305,0.791348601,1.791348601,23.56333333
03:36.2,-1.329579989,6.83544574,6.519411121,0.463104326,-2.513994911,2.740458015,23.55666667
03:36.3,-1.293666964,6.912060193,6.49387297,1.147582697,-3.89821883,3.175572519,23.54333333
03:36.3,-1.264936544,6.864974227,6.444392802,1.226463104,-2.297709924,3.834605598,23.54333333
03:36.4,-1.275311418,6.836243807,6.394912634,1.809160305,-0.590330789,5.488549618,23.54333333
03:36.5,-1.260946208,6.917646663,6.373364819,4.605597964,1.37913486,7.888040712,23.55666667
03:36.5,-1.19151436,7.127538342,6.343038265,7.287531807,0.623409669,9.791348601,23.56333333
03:36.6,-1.029506714,7.284757585,6.223328182,8.969465649,0.078880407,10.34605598,23.57
03:36.7,-0.944911589,7.305507332,6.099627763,7.832061069,0.427480916,8.297709924,23.56333333
03:36.8,-0.881864278,7.256825232,5.995879024,7.798982188,-0.338422392,7.351145038,23.55666667
03:36.8,-0.901017891,7.255229097,6.003859696,8.117048346,-1.022900763,6.809160305,23.55666667
03:36.9,-0.889046883,7.366958508,5.970340873,6.72519084,-2.111959288,5.597964377,23.55666667
03:37.0,-0.832384111,7.564879179,5.93682205,3.900763359,-1.287531807,3.575063613,23.55666667
03:37.2,-0.751779321,7.675810522,5.839457849,1.124681934,-2.389312977,3.44783715,23.55666667
03:37.2,-0.696712683,7.769184387,5.855419194,0.882951654,-2.821882952,4.631043257,23.56333333
03:37.2,-0.695116549,7.746838505,5.734911043,0.791348601,-5.055979644,6.03562341,23.57
03:37.4,-0.849143522,7.896875142,5.752468522,1.638676845,-6.442748092,5.93129771,23.56333333
03:37.4,-0.797269153,7.857769849,5.635152641,1.124681934,-6.066157761,4.292620865,23.55666667
03:37.5,-0.889046883,8.001421948,5.700594153,0.994910941,-4.368956743,3.679389313,23.55
03:37.5,-0.624088566,7.724492623,5.627171969,-0.89821883,-1.885496183,0.72264631,23.55
03:37.5,-0.710279826,7.834625899,5.448404911,-0.783715013,-3.781170483,-0.618320611,23.55
03:37.6,-0.496397811,7.760405648,5.375780794,-0.053435115,-2.076335878,-1.592875318,23.55666667
03:37.6,-0.686337809,8.006210352,5.426059029,1.852417303,-0.119592875,-0.748091603,23.56333333
03:37.7,-0.635261507,7.943163041,5.724536169,0.544529262,6.038167939,-3.676844784,23.57
03:37.8,-0.606531087,7.920019092,5.811525496,-2.356234097,3.468193384,-5.824427481,23.57
03:37.8,-0.657607389,7.723694556,5.770824068,-4.918575064,-0.969465649,-7.37913486,23.57
03:37.9,-0.609723356,7.745242371,5.605624154,-4.982188295,-5.353689567,-6.610687023,23.57
03:38.0,-0.828393774,7.578446322,5.588864742,-2.333333333,-7.386768448,-5.829516539,23.57666667
03:38.1,-0.245006637,8.077238334,5.651912052,-0.208651399,-2.562340967,-7.147582697,23.58333333
03:38.1,-0.265756384,8.005412284,5.698199951,0.847328244,-4.750636132,-2.740458015,23.59
03:38.2,-0.067835714,8.14746825,5.691815413,0.735368957,-8.223918575,2.949109415,23.59
03:38.3,-0.358332182,7.83143363,5.689421212,0.641221374,-11.5826972,5.748091603,23.59666667
03:38.3,-0.198718738,7.718906152,5.50905802,1.226463104,-7.908396947,3.798982188,23.60333333
03:38.4,-0.101354537,7.631916825,5.531403902,1.776081425,4.41221374,-0.03307888,23.58333333
03:38.5,-0.06304731,7.664637581,5.59524928,1.150127226,12.24427481,-3.475826972,23.57666667
03:38.5,0.146844368,7.556898507,5.843448185,0.819338422,16.62086514,-5.638676845,23.57
03:38.6,-0.358332182,8.202534888,6.129954317,-10.96183206,-17.31806616,8.030534351,23.59666667
03:38.7,0.486022937,7.730877161,6.026205579,-12.43256997,2.625954198,-2.549618321,23.59666667
03:38.7,0.075018319,7.944759176,6.022215243,-15.62849873,2.809160305,-0.669211196,23.59666667
03:38.8,0.428562097,7.370150777,5.548961381,-3.913486005,28.34351145,-13.1043257,23.57666667
03:38.9,-0.371101257,7.689377665,5.505865751,-2.264631043,2.608142494,0.460559796,23.57666667
03:38.9,0.117315881,7.608772876,5.551355583,0.72519084,-7.832061069,6.015267176,23.57666667
03:39.1,0.098960335,7.594407666,5.711767094,-0.717557252,-4.704834606,5.24173028,23.59
03:39.1,-0.202709074,7.651868506,5.861005664,-2.094147583,0.720101781,3.017811705,23.59
03:39.2,-0.742202515,7.599994137,5.78758348,-2.27480916,10.06870229,-2.692111959,23.57666667
03:39.3,-0.339178569,7.555302372,5.708574825,0.75826972,-1.79389313,1.648854962,23.57666667
03:39.3,-1.158793604,7.382919853,5.673459867,0.628498728,4.03307888,-2.368956743,23.57666667
03:39.4,-1.19710083,7.497841532,5.74448785,1.025445293,0.605597964,1.34351145,23.59
03:39.5,-1.62486486,7.509014473,5.805939026,-0.595419847,17.51908397,-3.083969466,23.59
03:39.5,-0.738212179,7.684589262,5.610412557,1.908396947,12.81170483,5.124681934,23.58333333
03:39.7,-0.753375456,7.718906152,5.264051383,8.040712468,25.33333333,8.62086514,23.58333333
03:39.8,-1.080583016,7.965508923,5.092466931,13.07633588,34.61323155,12.98727735,23.58333333
03:39.8,-1.327983854,8.109161023,4.986323991,17.51653944,36.36132316,16.88295165,23.59666667
03:40.3,-1.391031165,8.532934717,4.501099121,14.69465649,27.58015267,12.57760814,23.59666667
03:40.3,-1.187524023,8.728461186,3.935269462,12.09669211,20.37150127,7.600508906,23.60333333
03:40.4,-0.991997555,8.95112194,3.428496777,9.290076336,18.09923664,2.475826972,23.60333333
03:40.5,-1.060631335,8.957506478,3.481967281,5.506361323,19.34351145,-1.458015267,23.61
03:40.6,-1.262542342,9.045293872,3.556187533,1.366412214,13.39185751,-4.582697201,23.61
03:40.6,-1.442905534,9.048486141,3.486755684,-2.111959288,4.34351145,-7.27735369,23.61
03:40.7,-1.292070829,8.992621436,3.24972972,-1.211195929,-3.687022901,-5.086513995,23.61
03:40.8,-1.135649654,8.939150932,2.979983,1,-5.091603053,-2.646310433,23.61
03:40.8,-1.192312427,9.01416925,2.888205269,3.519083969,-4.025445293,-0.704834606,23.61
03:41.0,-1.308032174,9.048486141,3.007915352,4.37913486,-4.860050891,0.572519084,23.60333333
03:41.0,-1.376665955,9.062851351,3.141990645,3.554707379,-5.969465649,1.452926209,23.61
03:41.1,-1.320801249,9.038909334,3.238556779,1.249363868,-4.058524173,1.419847328,23.61666667
03:41.2,-1.286484359,9.053274544,3.104481486,-1.68956743,-0.68956743,-0.297709924,23.62333333
03:41.3,-1.237802258,9.026140259,3.02307863,-4.030534351,2.399491094,-2.1043257,23.61666667
03:41.3,-1.223437048,9.003794377,2.941675773,-5.262086514,5.091603053,-3.885496183,23.61666667
03:41.4,-1.342349064,8.952718075,3.004723083,-3.765903308,7.391857506,-2.740458015,23.62333333
03:41.5,-1.561019482,8.967881352,3.055001318,-1.534351145,4.211195929,-0.707379135,23.62333333
03:41.5,-1.61049965,8.933564461,3.09171241,0.493638677,-0.318066158,2.165394402,23.61666667
03:41.7,-1.548250407,8.958304545,3.025472831,0.79389313,-5.050890585,2.262086514,23.60333333
03:41.7,-1.395819568,8.939948999,2.996742411,1.066157761,-4.541984733,2.631043257,23.60333333
03:41.8,-1.362300745,8.954314209,2.937685437,1.600508906,-2.755725191,3.043256997,23.60333333
03:41.9,-1.31760898,8.999804041,2.978386865,1.302798982,-1.814249364,3.549618321,23.61666667
03:41.9,-1.311224443,9.065245553,2.944868042,0.41475827,-0.96437659,3.150127226,23.62333333
03:42.0,-1.296859233,9.13786967,2.95683905,-0.707379135,-0.694656489,2.694656489,23.63
03:42.1,-1.318407048,9.108341182,2.929704765,-0.684478372,-0.338422392,2.877862595,23.62333333
03:42.1,-1.312820577,9.06604362,2.868253589,-0.320610687,0.017811705,3.284987277,23.61666667
03:42.2,-1.343147131,9.079610763,2.854686446,0.152671756,-0.139949109,3.216284987,23.61666667
03:42.3,-1.34075293,9.109937317,2.814783085,0.847328244,-0.139949109,2.659033079,23.61
03:42.4,-1.349531669,9.129888997,2.81637922,0.603053435,-0.659033079,1.870229008,23.60333333
03:42.4,-1.347137467,9.105946981,2.861869051,-0.015267176,-0.933842239,0.860050891,23.59666667
03:42.5,-1.273715283,9.107543115,2.864263253,-1.921119593,-1.709923664,0.419847328,23.61
03:42.6,-1.207475704,9.111533451,2.909753084,-2.539440204,-2.066157761,0.681933842,23.62333333
03:42.6,-1.161187805,9.125898661,2.833138631,-2.918575064,-1.562340967,0.72519084,23.63
03:42.7,-1.183533687,9.105148914,2.851494177,-2.061068702,-1.020356234,1.175572519,23.63
03:42.8,-1.200293099,9.087591435,2.853888379,-1.567430025,-1.27735369,1.129770992,23.63666667
03:42.8,-1.179543351,9.030928662,2.89937821,-1.03307888,-2.193384224,1.628498728,23.64333333
03:42.9,-1.222638981,9.060457149,2.953646781,-0.776081425,-4.269720102,1.557251908,23.64333333
03:43.0,-1.18273562,9.063649418,2.940877706,-0.631043257,-5.702290076,1.17302799,23.62333333
03:43.0,-1.193110494,9.092379838,2.940079639,-0.684478372,-6.96437659,0.65394402,23.60333333
03:43.0,-1.154803267,9.089187569,2.92810863,-1.012722646,-6.577608142,-0.055979644,23.59666667
03:43.1,-1.196302763,9.098764376,2.934493168,-1.55216285,-6.030534351,-0.361323155,23.60333333
03:43.1,-1.175553015,9.097168241,2.983175269,-1.951653944,-5.134860051,-0.368956743,23.61
03:43.2,-1.152409066,9.105148914,2.987165605,-2.34351145,-3.977099237,-0.201017812,23.61666667
03:43.2,-1.118890243,9.084399166,3.012703756,-2.58778626,-3.066157761,-0.216284987,23.62333333
03:43.2,-1.087765621,9.086793368,2.944069975,-2.791348601,-2.264631043,-0.188295165,23.63
03:43.3,-1.185129822,9.066841687,2.957637118,-2.816793893,-9.264631043,0.628498728,23.63
03:43.3,-1.406194442,9.136273535,3.015896025,-2.923664122,-40.4783715,5.300254453,23.63
03:43.4,-0.933738647,8.887276563,3.092510478,-2.083969466,-37.55470738,-1.44783715,23.61666667
03:43.4,-1.268128813,8.885680428,3.42211224,-2.798982188,-19.23918575,0.854961832,23.60333333
03:43.5,-1.489193433,8.834604126,3.757300472,-5.290076336,7.216284987,-2.463104326,23.59
03:43.5,-1.910572925,9.069235889,4.153141813,-10.45292621,-1.704834606,5.267175573,23.59
03:43.5,-1.520318054,9.058861015,4.352658618,-16.78625954,-15.21119593,1.699745547,23.60333333
03:43.6,-1.134851587,8.99421757,4.493118449,-23.44529262,1.106870229,-3.819338422,23.61666667
03:43.6,-1.593740238,8.969477486,4.613626599,-29.48854962,14.15521628,-9.41475827,23.63
03:43.7,-2.020706201,8.96548715,4.719769539,-34.86259542,14.42239186,-15.043257,23.63
03:43.7,-2.496354264,8.988631099,4.631184078,-40.09923664,-7.251908397,-18.64631043,23.63
03:43.8,-2.746149304,8.860142277,4.589684583,-43.7735369,-30.50381679,-21.83969466,23.62333333
03:43.9,-2.935291235,8.481858415,4.57611744,-44.10178117,-48.23664122,-27.35114504,23.63
03:43.9,-2.683101994,7.957528251,4.902526933,-40.81170483,-56.58524173,-29.76335878,23.63
03:44.0,-2.458047038,7.612763212,5.17307172,-37.73282443,-58.36895674,-33.82442748,23.63666667
03:44.1,-1.918553597,7.251238761,5.4316455,-32.01526718,-59.82951654,-36.74045802,23.62333333
03:44.1,-1.469241752,7.092423385,5.677450203,-25.2697201,-57.62849873,-38.04834606,23.62333333
03:44.2,-0.895431421,6.831455404,5.904101294,-16.97709924,-56.4605598,-36.55725191,23.62333333
03:44.3,-0.229843359,6.850609017,6.169059611,-8.323155216,-51.76335878,-26.12468193,23.63
03:44.4,0.118912016,6.839436076,6.380547424,-1.096692112,-51.23918575,-18.43765903,23.63
03:44.4,0.640847978,6.802724984,6.477911625,3.865139949,-49.09160305,-9.885496183,23.63
03:44.6,0.715866296,6.764417757,6.47950776,8.511450382,-44.86513995,-3.969465649,23.63666667
03:44.6,0.940921252,6.809907589,6.370970618,11.51145038,-43.23664122,1.68956743,23.64333333
03:44.6,1.11968831,6.894502714,6.314307845,15.31806616,-39.68956743,5.279898219,23.65666667
03:44.7,1.298455367,7.007030192,6.378153223,14.49109415,-39.96437659,4.480916031,23.63666667
03:44.8,1.499568306,7.123548006,6.419652718,12.70992366,-40.32315522,2.717557252,23.61666667
03:44.9,1.930524605,7.457938171,6.288769694,6.923664122,-29.36895674,0.715012723,23.60333333
03:45.0,2.375048047,7.694166069,5.826688774,1.938931298,-16.60050891,-1.834605598,23.61666667
03:45.0,2.620852751,7.772376656,5.695007682,-1.549618321,0.837150127,-1.198473282,23.62333333
03:45.2,2.434105021,7.619945817,5.775612472,-1.356234097,2.430025445,3.539440204,23.61666667
03:45.2,1.893015446,7.334237752,6.169857678,-1.045801527,0.506361323,6.066157761,23.61666667
03:45.3,2.043850151,7.227296745,6.233703056,-1.501272265,-4.31043257,7.440203562,23.62333333
03:45.4,2.157175696,7.165845569,6.340644063,-1.814249364,-3.671755725,5.117048346,23.63
03:45.5,2.406970736,7.192181787,6.260837341,-2,-0.37913486,3.625954198,23.63
03:45.5,2.38861519,7.181008846,6.171453813,-1.687022901,3.811704835,3.867684478,23.63666667
03:45.6,2.347115694,7.138711283,6.089252889,-0.842239186,0.592875318,-0.48346056,23.63666667
03:45.7,2.675121322,7.133124813,6.081272217,-0.610687023,-1.926208651,-0.267175573,23.63666667
03:45.7,2.835532833,7.17701851,6.208962972,-0.376590331,-4.175572519,0.208651399,23.63
03:45.8,3.059789722,7.20574893,6.221732048,-1.020356234,-3.134860051,1.315521628,23.62333333
03:45.9,2.944069975,7.262411702,6.263231543,-1.681933842,0.941475827,1.480916031,23.61666667
03:45.9,2.6926788,7.120355737,6.256847005,-2.605597964,-1.203562341,-1.251908397,23.61
03:46.1,2.384624854,7.094817586,6.205770703,-2.51653944,4.549618321,-5.089058524,23.61
03:46.1,2.252943762,6.98468431,6.041368856,-1.025445293,6.409669211,-6.295165394,23.61
03:46.2,2.014321663,6.821878597,5.924052974,0.34351145,7.063613232,-11.93129771,23.61666667
03:46.3,1.823583598,6.813897925,6.070099276,1.65648855,-6.867684478,-2.979643766,23.61
03:46.3,1.699883179,7.07087557,6.247270199,0.928753181,-18.13994911,0.608142494,23.60333333
03:46.4,1.963245361,7.789136068,5.618393229,1.465648855,-27.19847328,5.468193384,23.60333333
03:46.5,2.470816113,7.549715902,5.339867769,1.473282443,-23.7480916,-1.333333333,23.62333333
03:46.6,2.800417875,7.295930526,5.035006091,2.399491094,-21.97964377,-19.09669211,23.63666667
03:46.6,2.798821741,6.863378092,5.700594153,2.41221374,-7.150127226,-25.49109415,23.63666667
03:46.8,2.461239307,7.299122795,5.88813995,0.109414758,-5.302798982,-24.65139949,23.62333333
03:46.8,2.444479895,7.430803886,6.08606062,-2.737913486,-0.432569975,-7.977099237,23.61666667
03:46.8,2.110887797,7.444371029,6.063714738,-4.849872774,-4.312977099,-1.913486005,23.61666667
03:46.9,2.027090739,7.232085148,6.087656755,-4.134860051,0.646310433,-0.300254453,23.62333333
03:47.0,1.852314018,7.276776912,6.158684737,-3.37913486,5.198473282,1.145038168,23.62333333
03:47.0,0.913786967,7.308699601,5.957571798,-2.743002545,13.26208651,0.865139949,23.61666667
03:47.1,0.644838314,7.291142122,5.698199951,-1.244274809,9.134860051,-3.142493639,23.61666667
03:47.1,0.641646045,7.308699601,5.624777767,0.44783715,3.737913486,-9.389312977,23.62333333
03:47.2,1.776497632,7.330247416,5.929639445,1.814249364,-5.715012723,-9.147582697,23.63666667
03:47.3,1.950476286,7.452351701,6.169857678,0.910941476,-0.468193384,-3.312977099,23.63666667
03:47.3,1.586557633,7.435592289,6.295154232,0.096692112,5.96692112,-1.290076336,23.63666667
03:47.3,1.270523014,7.43240002,6.236895325,-1.259541985,10.82951654,-3.167938931,23.62333333
03:47.4,1.208273771,7.517793213,6.322288517,-1.600508906,9.928753181,-4.407124682,23.61666667
03:47.4,1.197898897,7.470707247,6.272010282,-2.17302799,7.488549618,-10.90076336,23.61
03:47.4,1.204283435,7.271988509,6.221732048,-1.753180662,4.445292621,-13.14249364,23.61666667
03:47.5,1.28887856,7.366958508,6.064512805,-1.193384224,2.478371501,-20.07888041,23.62333333
03:47.5,1.439713265,7.677406657,5.966350537,1.203562341,-5.786259542,-14.63104326,23.63
03:47.5,1.720632926,7.71970422,6.158684737,0.765903308,-6.440203562,-3.432569975,23.63
03:47.6,1.30324377,7.544129431,6.288769694,0.152671756,-7.239185751,7.755725191,23.63
03:47.6,1.296859233,7.251238761,6.469930953,-3.946564885,2.279898219,15.53689567,23.63
03:47.6,0.803653691,7.246450358,6.425239189,-5.450381679,8.384223919,13.42748092,23.63
03:47.7,2.269703174,6.98468431,6.574477759,-10.27480916,16.44274809,7.842239186,23.63
03:47.7,2.461239307,6.647101876,6.447585071,-10.52926209,20.21882952,-3.160305344,23.63
03:47.7,3.22977804,6.803523051,6.059724402,-10.23155216,24.55470738,-5.844783715,23.63
03:47.8,2.577757121,5.655104321,4.672683573,-2.659033079,19.48091603,-2.819338422,23.63
03:47.8,1.724623263,6.12915625,4.628789876,3.933842239,-15.45547074,0.600508906,23.62333333
03:47.9,1.849121749,6.170655745,4.862623572,7.297709924,-32.86005089,-2.470737913,23.61666667
03:47.9,1.407790576,7.434794222,6.070897343,4.885496183,-23.44529262,-6.203562341,23.61
03:48.0,2.313596871,7.457938171,6.445190869,0.888040712,5.361323155,-3.111959288,23.62333333
03:48.1,1.828372001,7.373343046,6.860983891,-4.513994911,17.7735369,7.888040712,23.63666667
03:48.1,1.598528642,7.501033801,6.86417616,-8.122137405,6.610687023,25.86513995,23.65
03:48.2,1.129265116,7.481880188,6.491478768,-7.040712468,-6.615776081,27.19847328,23.65
03:48.3,0.375091593,7.289545988,5.795564152,-2.684478372,-20.21628499,15.13994911,23.65
03:48.3,0.774125203,7.006232125,5.683036674,-0.692111959,-24.31806616,-6.249363868,23.65
03:48.4,1.091755957,6.775590698,5.590460876,1.025445293,-16.88804071,-9.185750636,23.64333333
03:48.5,1.755747884,6.995857251,5.944004655,3.330788804,-10.55725191,-6.432569975,23.63666667
03:48.5,1.429338391,7.324660946,6.038974654,6.753180662,-6.111959288,-1.51653944,23.63
03:48.7,1.395021501,7.533754557,6.189011292,2.900763359,-1.040712468,-3.437659033,23.63
03:48.7,1.187524023,7.411650273,6.002263562,1.715012723,-4.974554707,-4.498727735,23.62333333
03:48.7,1.439713265,7.370150777,5.943206588,0.918575064,-10.34096692,-4.8956743,23.61666667
03:48.9,1.421357719,7.282363383,5.901707092,1.938931298,-7.170483461,0.330788804,23.61666667
03:48.9,1.364694946,7.406063802,6.01423457,1.027989822,1.386768448,2.463104326,23.61666667
03:48.9,0.98481495,7.481082121,6.02859978,0.615776081,5.837150127,1.788804071,23.61666667
03:49.1,1.015141504,7.503428003,5.883351546,0.361323155,2.055979644,1.165394402,23.60333333
